DATE,United States Delinquency,Alabama,Alaska,Arizona,Arkansas,California,Colorado,Connecticut,Delaware,District of Columbia,Florida,Georgia,Hawaii,Idaho,Illinois,Indiana,Iowa,Kansas,Kentucky,Louisiana,Maine,Maryland,Massachusetts,Michigan,Minnesota,Mississippi,Missouri,Montana,Nebraska,Nevada,New Hampshire,New Jersey,New Mexico,New York,North Carolina,North Dakota,Ohio,Oklahoma,Oregon,Pennsylvania,Rhode Island,South Carolina,South Dakota,Tennessee,Texas,Utah,Vermont,Virginia,Washington,West Virginia,Wisconsin,Wyoming,3.1,3,3.1,3.1,3.3,3.3,3.3,3.4,3.2,3.4,3.4,3.1,2.9,2.7,2.7,2.7,2.8,2.8,2.6,2.8,2.6,2.9,2.9,2.4,2.4,2.1,2.4,2.1,2.4,2.6,2.4,2.4,2.4,2.6,2.6,2.2,2,2,2.1,2.1,2.2,2.4,2.3,2.4,2.2,2.4,2.6,2.2,2,1.8,2,2,2.2,2.2,2.2,2.2,2.1,2.2,2.4,2.1,2,1.9,2,1.9,2.1,2.2,2,2,2,2.1,2.3,2,1.8,1.8,1.8,1.8,2,2.1,2,2,1.9,2.1,2.2,1.9,1.8,1.6,1.8,1.7,2,2,1.9,2.1,1.9,2.2,2.2,1.8,1.7,1.2,1,0.8,0.9,1,0.9,1,0.8,1,1,0.7,0.8,0.6,0.7,0.7,0.8,0.8,0.8,0.9,0.8,1
2008-01,3.5,4.3,2.7,3.5,4,3,2.7,2.9,3.3,2.8,4.4,4.8,1.8,2.7,3.2,4.3,3,3,3.9,4.1,3.3,3.5,3,4.6,2.6,5.2,3.9,1.9,2.5,3.9,3.1,3,2.9,3.2,3.8,1.4,3.8,3.6,1.9,3.8,3.7,4,2.2,4.4,4.4,2.4,2.2,2.8,1.9,4.5,2.3,2.1,2.5,2.2,2.2,2.4,2.3,2.2,2.2,2.2,2,2.2,2.3,2.2,1.9,1.9,1.9,1.9,1.9,1.9,2.1,2,1.7,2.1,2.1,1.7,1.8,1.6,1.7,1.6,2,1.9,1.7,1.4,1.3,1.7,1.6,1.6,1.4,1.5,1.6,1.3,1.6,1.8,1.5,1.4,1.2,1.6,1.9,1.5,1.5,1.3,1.4,1.3,1.7,1.6,1.7,1.6,1.3,1.4,1.6,1.7,1.7,1.7,1.8,1.4,1.7,1.7,1.7,1.5,1.4,1.6,2.1,1.8,1.8,1.7,1.7,1.6,1.5,1.7,1.6,1.3,1.3,1.6,1.8,1.5,1.4,1.2,1.5,1.5,1.7,1.7,1.6,1.6,1.4,1.4,1.5,1.6,1.6,1,1.1,0.8,0.9,0.9,0.7,0.8,0.8,1,1,0.7,0.7,0.6,0.7,0.7,0.7,0.8,0.8,0.9,0.7,0.8
2008-02,3.2,4,2.2,3.3,3.5,2.9,2.5,2.6,2.9,2.8,4,4.4,1.7,2.5,2.9,3.8,2.6,2.7,3.4,3.5,3.1,3.1,2.7,4.1,2.5,4.5,3.5,2,2.3,3.6,2.8,2.8,2.8,2.9,3.7,1.4,3.4,3.2,1.8,3.4,3.4,3.8,2.1,4,4,2.3,2.1,2.7,1.7,4.1,2,1.9,3,2.8,2.8,2.7,2.8,2.9,3,3.1,3,3,3,2.7,2.5,2.3,2.2,2.2,2.3,2.3,2.1,2.3,2.2,2.4,2.4,1.9,2,1.7,1.9,1.6,1.9,2.2,1.9,1.9,1.9,2.1,2.1,1.6,1.6,1.6,1.7,1.6,1.7,2,1.9,2,1.8,2,2.2,1.9,1.7,1.6,1.6,1.6,1.8,1.9,1.7,1.9,1.8,1.9,2,1.8,1.6,1.6,1.6,1.6,1.7,1.9,1.8,1.8,1.8,1.9,2,1.9,1.7,1.6,1.6,1.5,1.7,1.9,1.7,1.8,1.8,1.8,1.9,1.7,1.6,1.4,1.5,1.5,1.6,1.8,1.6,1.8,1.7,1.9,1.8,1.5,1.5,1.1,0.8,0.7,0.7,0.8,0.7,0.8,0.8,0.8,0.8,0.6,0.7,0.5,0.6,0.5,0.6,0.7,0.6,0.7,0.6,0.8
2008-03,3.1,3.9,2.3,3.2,3.1,2.9,2.4,2.7,2.8,2.6,4.1,4.1,1.7,2.3,2.8,3.4,2.4,2.7,3.1,3.3,2.9,3,2.7,3.9,2.4,4.4,3.3,1.5,2.3,3.7,2.8,2.7,2.6,2.8,3.3,1.2,3.2,3,1.8,3.2,3.3,3.5,1.6,3.7,3.8,2.2,1.9,2.5,1.8,3.6,1.9,2.1,3.7,3.6,3.8,3.9,4,4,4.2,4.3,4,4.3,4.5,3.8,3.3,3.1,3.3,3.3,3.4,3.6,3.5,3.5,3.6,3.6,3.7,3.1,2.9,2.6,2.9,2.7,2.9,3.3,3,3,3.2,3.2,3.4,2.6,2.6,2.6,2.8,2.6,2.6,3,2.9,3,2.8,3.1,3.2,2.6,2.4,2.2,2.6,2.5,2.7,2.8,2.8,3,2.8,2.9,3,2.8,2.6,2.4,2.6,2.6,2.6,2.7,2.6,2.9,3,3.2,3.5,2.9,2.6,2.4,2.6,2.4,2.6,2.6,2.7,2.9,2.7,3,3,2.4,2.3,2.1,2.4,2.4,2.4,2.4,2.3,2.8,2.7,2.9,3.2,2.7,2.3,1.7,1.4,1.2,1.3,1.5,1.4,1.4,1.3,1.6,1.5,1.2,1,0.9,0.9,1,1.1,1.3,1,1.3,1.1,1.4
2008-04,3.1,3.9,2.2,3.2,3.1,2.9,2.3,2.7,2.8,2.5,4,4.2,1.5,2.3,2.8,3.5,2.3,2.6,3.2,3.2,2.8,3,2.6,4,2.4,4.5,3.3,1.6,2.2,3.6,2.7,2.7,2.6,2.7,3.3,1.4,3.2,3,1.8,3.2,3,3.5,1.6,3.9,3.7,2.2,1.9,2.5,1.8,3.6,1.9,2,2.6,2.5,2.5,2.5,2.6,2.6,2.6,2.7,2.6,2.6,2.6,2.4,2.4,2.1,2,2,2,2,1.8,1.9,1.8,2,2,1.6,1.8,1.5,1.7,1.4,1.6,1.8,1.6,1.6,1.6,1.7,1.8,1.5,1.5,1.4,1.5,1.4,1.5,1.6,1.5,1.5,1.4,1.5,1.7,1.5,1.3,1.3,1.4,1.3,1.4,1.4,1.3,1.4,1.4,1.4,1.5,1.3,1.3,1.2,1.2,1.2,1.3,1.4,1.3,1.3,1.3,1.3,1.4,1.2,1.1,1.1,1.2,1.1,1.2,1.3,1.2,1.2,1.2,1.2,1.3,1.1,1.1,1,1.1,1,1.2,1.2,1.2,1.3,1.2,1.4,1.4,1.1,1.1,0.8,0.7,0.5,0.6,0.6,0.5,0.5,0.4,0.5,0.5,0.4,0.5,0.4,0.4,0.4,0.5,0.5,0.4,0.5,0.4,0.6
2008-05,3.2,4,2,3.4,3.4,2.9,2.6,2.8,3,2.6,4.2,4.4,1.6,2.5,3,3.9,2.4,2.7,3.5,3.6,2.8,3.2,2.6,4.2,2.5,5.1,3.5,2.1,2.3,3.7,2.9,2.7,2.7,2.8,3.7,1.3,3.3,3.3,1.8,3.4,3.2,3.9,1.6,4.2,3.9,2.1,1.8,2.7,1.9,4,2,2.1,2.2,2.1,2.2,2.2,2.3,2.3,2.2,2.3,2.1,2.2,2.2,2,2,1.7,1.7,1.8,1.9,1.8,1.6,1.6,1.5,1.8,1.8,1.4,1.6,1.3,1.5,1.4,1.5,1.6,1.4,1.5,1.4,1.5,1.5,1.2,1.2,1.1,1.3,1.2,1.4,1.4,1.3,1.4,1.3,1.4,1.5,1.3,1.2,1.1,1.1,1.2,1.3,1.3,1.3,1.3,1.2,1.3,1.4,1.3,1.2,1.1,1.2,1.2,1.3,1.3,1.1,1.2,1.2,1.3,1.4,1.2,1.1,1,1.1,1.1,1.1,1.2,1.1,1.1,1.1,1.2,1.3,1.1,1.1,0.9,1.1,1.1,1.1,1.2,1.1,1.2,1.2,1.4,1.4,1.1,1,0.8,0.7,0.6,0.6,0.6,0.6,0.7,0.6,0.6,0.6,0.5,0.5,0.4,0.5,0.5,0.6,0.6,0.5,0.7,0.6,0.7
2008-06,3.2,3.9,2.2,3.4,3.5,2.9,2.4,2.7,3.1,2.9,4.1,4.3,1.6,2.6,3,3.8,2.3,2.6,3.3,3.5,2.7,3.2,2.6,4.2,2.4,4.9,3.6,1.7,2.3,3.8,2.6,2.7,2.7,2.8,3.5,1.4,3.3,3.2,1.8,3.4,3.5,3.7,1.4,4,3.8,2.1,1.8,2.6,1.9,4,2,2.1,3.2,3,3.1,3.1,3.2,3.2,3.3,3.2,2.8,3.1,3.1,2.9,3,2.8,2.8,2.7,2.7,2.8,2.5,2.8,2.6,3,2.9,2.3,2.5,2.2,2.5,2.2,2.6,2.7,2.5,2.6,2.6,2.7,2.9,2.6,2.3,2.2,2.2,2.2,2.2,2.5,2.4,2.6,2.5,2.6,2.8,2.3,2.2,2,2.2,2.1,2.4,2.4,2.3,2.5,2.4,2.5,2.6,2.3,2.3,2.2,2.2,2,2.4,2.5,2.3,2.4,2.2,2.5,2.7,2.3,2.1,2.1,2.2,2,2.2,2.4,2.1,2.3,2.1,2.5,2.6,2.2,2.1,1.8,2.1,1.9,2.3,2.4,2.2,2.4,2.1,2.5,2.5,1.9,2,1.4,1.3,0.9,1.1,1.1,0.8,1.1,0.8,1,1,0.7,0.8,0.6,0.8,0.7,0.9,1,0.8,1,0.8,1.1
2008-07,3.4,4.2,2.1,3.6,3.4,3.1,2.5,2.9,3.3,2.9,4.2,4.4,1.8,2.6,3.2,4,2.4,2.8,3.4,3.6,2.9,3.4,2.9,4.4,2.5,5,3.6,2,2.3,3.9,3,2.9,2.9,3,3.7,1.5,3.5,3.4,1.9,3.5,3.5,3.8,1.7,4.3,4,2.3,2.1,2.8,2,3.9,2.1,2,3.6,3.8,3.9,3.9,3.8,3.9,4.1,4.1,3.6,3.8,4.2,3.8,3.6,3.4,3.3,3.4,3.5,3.6,2.9,3.2,3,3.2,3.4,2.9,2.7,2.4,2.8,2.3,2.6,3,2.7,2.8,2.7,2.6,3.1,2.4,2.3,2.2,2.5,2.2,2.3,2.5,2.6,2.8,2.5,2.9,3.1,2.7,2.4,2.2,2.3,2.5,2.5,2.4,2.7,2.5,2.6,2.6,2.7,2.3,2.2,2.1,2.1,2.1,2.6,2.7,2.4,2.4,2.5,2.5,2.7,2.2,2.2,2,2.2,2.2,2.3,2.5,2.3,2.3,2.4,2.8,2.7,2.3,1.9,1.8,1.8,2,2.4,2.4,2,2.2,2.2,2.6,2.9,2.2,2.1,1.4,1.3,1.1,1,1,1,1,0.9,1.1,1,0.9,0.9,0.6,0.7,0.8,0.8,0.9,0.9,1,1,1.3
2008-08,3.6,4.6,2.2,4,3.8,3.2,2.5,3.1,3.6,3.1,4.6,4.7,1.8,2.7,3.3,4.2,2.5,3,3.8,4.1,3.4,3.7,3,4.5,2.6,5.6,3.9,2,2.6,4.3,3,3.2,3.1,3.2,4.1,1.6,3.7,3.9,2,3.7,3.8,4.3,1.9,4.5,4.3,2.4,2,3,2,4.3,2.3,2.6,2.7,2.6,2.8,3.1,2.8,3,2.7,2.5,2.3,2.5,2.9,2.6,2.7,2.5,2.6,2.6,2.5,2.4,2.2,2.2,2.1,2.3,2.2,1.9,2,1.6,1.7,1.6,1.9,2,1.7,1.9,2,2.1,2,1.7,1.8,1.7,1.5,1.6,1.9,2,1.7,1.8,1.9,2,1.9,1.7,1.4,1,1.2,1.3,1.8,1.8,1.7,1.4,1.6,1.3,1.7,1.5,1.5,1.5,1.4,1.6,1.7,1.8,1.6,1.5,1.8,1.9,1.7,1.4,1.4,1.1,1.4,1.4,1.5,1.7,1.8,1.5,1.8,1.6,1.8,1.3,1.4,1.4,1.3,1.4,1.5,1.6,1.6,1.6,1.3,1.4,1.5,1.3,1.2,1,0.9,0.6,0.7,0.6,0.5,0.6,0.5,0.7,0.5,0.4,0.7,0.4,0.6,0.4,0.6,0.5,0.5,0.5,0.5,0.7
2008-09,3.6,4.5,2,4.1,3.9,3.4,2.5,3.1,3.4,3.1,4.7,4.8,1.8,2.7,3.4,4.3,2.7,3.1,3.7,4.1,3.3,3.8,3,4.6,2.6,5.6,3.7,2.1,2.5,4.4,3.1,3.1,2.9,3.3,3.9,1.7,3.7,3.7,2.1,3.7,3.9,4.2,1.8,4.5,4.4,2.5,2.1,3.1,2.1,4,2.3,2.6,3.3,3.1,3.2,3.2,3.3,3.4,3.4,3.5,3.4,3.6,3.5,3.2,3.1,2.8,2.8,2.8,2.8,2.9,2.5,2.8,2.6,3,3,2.4,2.5,2.1,2.5,2.1,2.5,2.7,2.4,2.5,2.5,2.7,2.8,2.3,2.1,2,2.1,2,2.2,2.5,2.3,2.4,2.3,2.5,2.7,2.2,2,1.8,2,2,2.2,2.2,2.2,2.2,2,2.1,2.3,2.1,1.9,1.8,1.9,1.9,2.1,2.2,2,1.4,1,1.1,1.4,1.4,1.4,1.4,1.6,1.5,1.7,1.9,1.9,1.9,1.8,2,2.2,1.9,1.7,1.5,1.8,1.6,1.9,2.1,2,2.1,1.9,2.2,2.2,1.8,1.7,1.2,1,0.8,0.9,0.9,0.8,0.9,0.7,0.9,0.9,0.7,0.8,0.6,0.7,0.6,0.7,0.7,0.7,0.8,0.8,0.9
2008-10,3.8,4.8,1.3,4.3,4.1,3.5,2.7,3.3,3.9,3.2,5,5.1,2.1,2.9,3.5,4.4,2.7,3.3,3.9,4.1,3.3,4,3.1,4.7,2.6,5.9,3.9,2,2.7,4.7,3.2,3.2,3.3,3.4,4.4,1.9,3.8,3.9,2.2,3.7,4.1,4.7,1.8,4.8,4.6,2.8,2.4,3.3,2.2,4.5,2.4,2.4,4.3,4.1,4.3,4.3,4.5,4.5,4.6,4.7,4.5,4.7,4.8,4.4,4.2,3.8,3.6,3.6,3.7,3.8,3.4,3.8,3.5,3.8,4,3.3,3.2,2.9,3.1,2.8,3.2,3.4,3,3.2,3.1,3.5,3.5,2.9,2.7,2.6,2.8,2.7,2.8,3.1,3,3.1,3,3.3,3.5,2.9,2.6,2.4,2.6,2.6,2.8,3,2.8,2.9,2.9,2.9,3.1,2.8,2.6,2.4,2.5,2.5,2.5,2.8,2.4,2.3,2.3,2.4,2.9,2.6,2.5,2.2,2.4,2.4,2.6,2.7,2.6,2.7,2.5,2.7,2.9,2.5,2.3,2.1,2.4,2.3,2.6,2.7,2.5,2.7,2.6,3,3,2.4,2.2,1.5,1.2,1,1.1,1.1,1,1.2,1,1.2,1.2,0.9,0.9,0.7,0.9,0.8,1,1.1,0.9,1.1,1.1,1.3
2008-11,3.9,4.7,1.6,4.6,4.1,3.8,2.8,3.4,3.9,3.2,5.2,5.3,2.5,3,3.6,4.4,2.8,3.2,3.7,3.9,3.6,4.2,3.1,4.8,2.7,5.8,3.9,2.4,2.4,5.2,3.1,3.4,3.4,3.4,4.3,1.6,3.8,3.9,2.2,3.8,3.8,4.6,1.9,4.7,4.5,3,2.1,3.3,2.3,4.2,2.5,2.5,2,1.8,1.9,2.1,2.2,1.8,1.8,2,1.8,2.1,2.1,1.9,1.9,1.6,1.5,1.5,1.5,1.6,1.3,1.6,1.6,1.6,1.6,1.4,1.5,1.2,1.4,1.1,1.3,1.4,1.3,1.3,1.2,1.4,1.3,1.1,1.1,1.2,1.1,1.2,1.1,1.3,1.3,1.2,1.2,1.2,1.4,1.1,1,0.9,1,1.1,1.1,1.3,1.2,1.1,1,1.1,1.2,1.2,1.1,1.2,1.2,1,1.1,1.1,1,1,1.2,1.1,1.1,1,0.9,0.8,0.8,0.9,0.8,0.9,1,1,1.1,0.9,1.2,1,0.9,0.8,0.8,0.8,1.1,1,1,1.1,0.9,1.1,1.1,0.7,0.9,0.6,0.6,0.6,0.5,0.4,0.4,0.3,0.3,0.5,0.5,0.3,0.4,0.3,0.4,0.3,0.4,0.5,0.4,0.4,0.4,0.6
2008-12,4.2,5.2,2.1,5,4.3,4.1,2.9,3.6,4.2,3.1,5.5,5.6,2.7,3.3,3.9,4.7,3,3.3,4.2,4.2,4.2,4.4,3.4,5,3,6.5,4.2,2.8,2.7,5.6,3.7,3.7,3.6,3.7,4.7,2.1,4,4.2,2.6,4.1,4.1,4.9,2,5.2,4.6,3.3,2.4,3.5,2.6,5,2.6,2.5,2.4,2.7,2.7,2.8,2.9,2.8,2.9,2.8,2.5,2.7,2.7,2.4,2.3,2.2,2.3,2.2,2.2,2.4,2.1,2.2,2,2.2,2.2,1.8,1.9,1.7,1.8,1.6,1.8,2,1.9,1.9,1.9,2.1,2.2,1.7,1.6,1.6,1.6,1.6,1.5,1.7,1.6,1.7,1.8,1.9,2.2,1.8,1.6,1.6,1.7,1.7,2.1,1.9,1.7,1.7,1.7,1.8,2,1.8,1.7,1.7,1.7,1.7,1.6,1.9,1.8,1.7,1.9,1.8,1.9,1.5,1.7,1.3,1.6,1.3,1.6,1.7,1.2,1.7,1.3,1.8,1.8,1.2,1.1,0.9,1.6,1.6,1.7,1.3,1.2,1.8,1.3,1.9,1.9,1.2,0.8,0.7,0.6,0.6,0.8,0.8,0.6,0.7,0.6,0.8,0.6,0.5,0.6,0.4,0.5,0.4,0.7,0.6,0.7,0.6,0.7,0.7
2009-01,4.2,5.2,2.3,5,4.5,4.1,2.9,3.7,4.3,3.2,5.4,5.6,2.6,3.5,4,4.8,3,3.3,4.3,4.4,4,4.6,3.5,5.1,3.1,6.5,4.2,2.7,2.6,5.6,4,3.8,3.7,3.8,4.8,2.1,4.1,4.3,2.7,4.1,4.3,5.1,2.5,5.2,4.7,3.3,2.7,3.7,2.8,4.7,2.7,2.8,2.8,2.7,2.9,2.9,3.1,3.1,3.2,3.2,3,3.2,3.2,2.8,2.6,2.5,2.5,2.5,2.6,2.6,2.4,2.6,2.4,2.6,2.6,2.1,2.1,1.9,2.2,2,2.3,2.4,2.2,2.3,2.2,2.3,2.4,2,1.8,1.8,1.9,1.8,2,2.2,2.2,2.2,2,2.2,2.3,2,1.8,1.7,1.8,1.8,2,2,2.1,2.1,2,2.1,2.2,1.9,1.8,1.7,1.9,1.8,2,2.1,2,2,2,2,2.2,2,1.8,1.7,1.7,1.8,1.9,2.1,2,2,1.9,2,2.2,1.9,1.7,1.6,1.7,1.6,2,2,1.9,2,1.9,2.2,2.2,1.8,1.8,1.3,1.1,0.9,1,1,0.8,1,0.9,1,1,0.8,0.9,0.7,0.7,0.7,0.8,0.8,0.8,1,0.9,1
2009-02,3.9,4.6,2.4,4.8,4.1,4,2.7,3.4,3.8,3.3,5,5.3,2.3,3.5,3.7,4.3,2.6,3.1,3.9,4,3.6,4.4,3.2,4.6,3,5.7,3.8,2.9,2.4,5.4,3.7,3.6,3.3,3.6,4.4,1.8,3.7,3.8,2.6,3.7,4.1,4.6,2,4.7,4.3,3.3,2.5,3.3,2.6,4.3,2.6,2.5,3.2,3.2,3.6,3.6,3.8,3.7,3.9,4,3.7,3.9,4,3.5,3.2,3,3.1,3.2,3.2,3.3,3.1,3.3,3,3.4,3.3,2.7,2.7,2.5,2.8,2.6,3,3.1,2.9,3,2.9,3.1,3,2.4,2.2,2.2,2.4,2.4,2.6,2.8,2.6,2.8,2.6,2.8,3,2.5,2.1,2.1,2.3,2.3,2.5,2.7,2.5,2.7,2.5,2.7,2.7,2.4,2.1,2.2,2.3,2.2,2.5,2.4,2.4,2.6,2.4,2.5,2.8,2.4,2.1,2,2,2.1,2.2,2.5,2.4,2.5,2.2,2.5,2.7,2.4,2,1.9,2,2.1,2.3,2.4,2.3,2.6,2.4,2.6,2.7,2.2,2.1,1.4,1.2,1,1.2,1.3,1.2,1.3,1.1,1.3,1.3,1,0.9,0.7,0.9,0.8,1.1,1.1,1,1.2,1,1.4
2009-03,3.7,4.2,2.2,4.6,3.5,3.9,2.7,3.3,3.9,3.6,4.8,5,2.3,3.6,3.5,3.9,2.6,2.9,3.3,3.9,3.4,4.1,3.1,4.4,2.8,5.2,3.6,2.7,2.4,5.3,3.4,3.5,3,3.3,4.1,1.7,3.4,3.5,2.6,3.5,3.6,4.1,1.8,4.2,4,2.9,2.3,3.3,2.5,3.6,2.3,2.3,2.2,2.1,2.3,2.2,2.3,2.3,2.4,2.6,2.4,2.5,2.6,2.3,2.2,2,2,2.1,2.3,2.2,1.8,2.1,2,2.3,2.4,1.9,1.8,1.6,1.8,1.7,1.9,2.1,1.7,1.9,1.9,2.1,2.1,1.6,1.4,1.5,1.7,1.5,1.7,1.8,1.6,1.8,1.6,1.9,2,1.6,1.3,1.3,1.5,1.5,1.7,1.8,1.7,1.9,1.8,1.9,1.9,1.7,1.6,1.4,1.6,1.4,1.7,1.9,1.6,1.9,1.7,1.9,2,1.7,1.6,1.2,1.4,1.5,1.8,1.8,1.7,1.9,1.6,1.9,2,1.7,1.5,1.2,1.5,1.3,1.9,1.9,1.5,1.9,1.6,1.8,1.9,1.4,1.5,1,0.8,0.7,0.9,1,0.8,0.8,0.7,1,0.9,0.6,0.7,0.5,0.6,0.6,0.8,0.9,0.8,1,0.8,1
2009-04,3.7,4.2,2.3,4.5,3.5,3.7,2.8,3.2,3.5,3.5,4.5,5,2.5,3.4,3.4,4,2.6,2.8,3.3,3.7,3.4,3.9,3,4.4,2.8,5.4,3.5,2.6,2.4,5,3.3,3.5,3.1,3.2,4,1.8,3.4,3.5,2.5,3.6,3.6,4.1,2,4.3,4.1,3,2.2,3.1,2.6,3.9,2.3,2.6,2.7,2.6,2.8,2.8,2.9,2.9,2.9,2.9,2.8,3,2.9,2.7,2.6,2.5,2.5,2.5,2.5,2.4,2.3,2.4,2.4,2.5,2.5,2.2,2.2,2,2.2,2,2.3,2.3,2.1,2.2,2.4,2.4,2.5,2,1.8,1.8,1.8,1.9,1.8,2,2,2,2,2,2.2,1.8,1.5,1.4,1.7,1.7,1.7,1.9,1.8,2,1.9,2,2.1,1.8,1.6,1.6,1.9,1.7,1.9,2,1.9,2.1,1.9,2,2.2,1.9,1.8,1.6,1.7,1.8,2,2,2.1,2.2,2.1,2.1,2.1,1.8,1.8,1.5,1.6,1.7,1.8,1.9,1.7,2,1.7,2,2.1,1.6,1.6,1.2,1,0.8,1,1,1,1,0.9,1,0.9,0.8,0.7,0.5,0.7,0.7,0.8,0.9,0.8,0.9,0.8,0.9
2009-05,3.8,4.7,2.3,4.4,3.6,3.6,2.8,3.4,3.7,3.3,4.5,5.2,2.4,3.5,3.6,4.3,2.7,3.2,3.7,4,3.5,4.1,3.2,4.7,2.8,5.7,3.8,2.7,2.6,5,3.6,3.6,3.3,3.3,4.1,1.6,3.6,3.7,2.6,3.8,3.8,4.3,2,4.6,4.2,3.2,2.2,3.3,2.7,3.8,2.5,2.6,3,3.1,3.2,3.1,3.4,3.5,3.4,3.5,3.4,3.6,3.6,3.1,2.8,2.8,2.9,2.9,2.9,3.1,2.8,3,2.9,3.2,3.1,2.6,2.5,2.4,2.7,2.5,2.7,2.8,2.6,2.6,2.6,2.9,2.9,2.4,2.3,2.2,2.4,2.3,2.4,2.6,2.5,2.5,2.4,2.6,2.7,2.4,2,2,2.3,2.2,2.5,2.5,2.4,2.5,2.4,2.6,2.9,2.5,2.1,2.1,2.2,2.3,2.3,2.5,2.3,2.5,2.4,2.7,2.7,2.3,2,2,2.1,2,2.2,2.2,2.3,2.3,2.2,2.5,2.6,2.2,1.9,1.9,2,1.9,2.2,2.4,2.2,2.4,2.2,2.5,2.5,2,1.8,1.3,1.2,0.9,1,1.2,0.9,1.2,1.1,1.3,1.2,0.9,1,0.7,0.9,0.7,1,1,0.9,1.2,1,1.2
2009-06,3.8,4.4,2.5,4.3,3.7,3.6,2.9,3.4,4,3.3,4.6,5.2,2.4,3.5,3.7,4.4,2.9,3.2,3.5,4,3.6,4,3,4.8,2.8,5.7,3.8,2.6,2.6,4.7,3.6,3.4,3.4,3.4,4.1,1.6,3.7,3.6,2.7,3.8,3.8,4.4,2.3,4.6,4.4,3.2,2.3,3.2,2.7,4.2,2.5,2.8,4.2,4,4.4,4.5,4.7,5,5,4.7,4.6,5,5,4.5,4,3.9,4,4.1,4.2,4.2,3.9,4.3,4.1,4.6,4.6,3.7,3.6,3.3,3.7,3.4,3.8,4.1,3.7,3.9,3.7,4.1,4.2,3.5,3.2,3.1,3.3,3.3,3.4,3.9,3.7,4,3.8,4.2,4.2,3.8,3.4,3.1,3.4,3.4,3.8,3.9,3.5,3.6,3.4,3.9,4.1,3.6,3.3,3.1,3.4,3.4,3.6,3.8,3.3,3.4,3.2,3.5,4.1,3.6,3.5,3.2,3.4,3.4,3.8,3.7,3.5,3.7,3.7,4,4.3,3.5,3.3,3,3.4,3.1,3.6,3.8,3.7,3.9,3.6,4,4.1,3.4,3.3,2.3,1.9,1.3,1.7,1.7,1.5,1.6,1.5,1.8,1.7,1.3,1.3,0.9,1.1,1.2,1.3,1.4,1.4,1.5,1.2,1.7
2009-07,4,4.8,2.9,4.6,4,3.7,2.9,3.4,4.1,3.4,4.7,5.4,2.5,3.6,3.8,4.6,2.9,3.2,4,4.5,3.6,4.2,3.1,4.9,2.9,6.4,4,2.6,2.9,4.9,3.6,3.7,3.6,3.5,4.6,1.9,3.9,3.9,2.6,3.9,3.9,4.7,2.2,4.9,4.7,3.3,2.5,3.4,2.7,4.7,2.7,2.6,3,3,3,2.8,3.2,3.1,3,3.1,3.2,3.3,3.3,3.2,2.9,2.8,2.8,2.9,2.8,2.8,2.7,2.8,2.7,2.9,3.2,2.6,2.5,2.2,2.2,2.1,2.4,2.5,2.4,2.5,2.7,2.8,3.1,2.7,2.5,2.2,2.4,2.3,2.6,2.8,2.5,2.5,2.6,2.8,2.8,2.4,2.2,2.1,2.1,2.2,2.3,2.4,2.3,2.3,2.3,2.4,2.5,2,1.9,1.9,2.2,1.9,2.2,2.2,2.1,2.1,2.1,2.3,2.7,2.1,1.9,1.9,2.1,1.9,2.2,2.1,2,2.1,1.9,2.3,2.6,2.3,2.1,1.8,2,1.8,2.2,2,2,2.2,2,2.2,2.5,1.8,1.8,1.4,1,1,1,1.3,0.8,1,1,1.3,1.3,0.9,0.9,0.6,0.7,0.8,0.8,0.9,0.9,1,1,1.2
2009-08,4,4.8,3,4.6,4,3.7,2.8,3.6,4,3.5,4.8,5.3,2.5,3.7,3.8,4.5,2.9,3.3,3.8,4.6,3.7,4.3,3.2,4.9,3,6.1,3.9,2.5,2.8,4.9,3.4,3.6,3.5,3.6,4.4,2,3.9,3.7,2.7,3.9,4,4.5,2.2,4.7,4.7,3.1,2.4,3.3,2.8,4.6,2.8,2.7,3.5,3.4,3.5,3.4,3.6,3.6,3.6,3.7,3.4,3.7,3.8,3.5,3.4,3.1,3.1,3.1,3.1,3.1,2.8,3,2.8,3.2,3.2,2.7,2.7,2.3,2.6,2.3,2.7,3,2.7,2.8,2.7,2.9,3,2.5,2.3,2.2,2.3,2.3,2.4,2.6,2.6,2.7,2.6,2.8,2.9,2.6,2.2,2.1,2.2,2.3,2.6,2.6,2.6,2.5,2.4,2.5,2.7,2.4,2.3,2.2,2.3,2.3,2.4,2.6,2.5,2.5,2.5,2.5,2.8,2.5,2.2,2.1,2.2,2.4,2.3,2.4,2.4,2.4,2.3,2.4,2.6,2.2,2.1,1.9,2,2,2.2,2.4,2.2,2.4,2.3,2.6,2.5,2.1,2,1.5,1.2,1,1,1,0.9,1,0.9,1,1.1,0.8,0.8,0.6,0.7,0.6,0.8,0.8,0.8,0.9,0.9,1
2009-09,3.9,4.8,2.7,4.5,4.1,3.7,2.8,3.5,4,3.7,4.8,5.3,2.4,3.8,3.7,4.4,2.9,3.2,3.8,4.3,3.7,4.3,3.1,4.7,2.8,6,3.8,2.7,2.6,4.6,3.5,3.6,3.3,3.5,4.5,1.7,3.8,3.7,2.5,3.9,3.9,4.4,2.3,4.6,4.8,3.2,2.8,3.3,2.7,4.6,2.6,2.6,2.6,2.6,2.7,2.5,2.7,2.8,2.8,3,2.6,3,2.9,2.6,2.7,2.4,2.5,2.4,2.6,2.6,2.2,2.6,2.2,2.6,2.7,2,2.2,1.9,2.2,1.9,2.1,2.3,2,2.1,2,2.3,2.5,2,1.9,1.7,1.9,1.8,1.9,2.1,1.8,2.1,1.9,2.1,2.3,1.9,1.8,1.6,1.8,1.7,1.9,2,1.8,1.9,1.8,1.9,2.1,1.7,1.7,1.6,1.7,1.6,1.7,1.9,1.7,1.7,1.7,1.9,2.1,1.7,1.6,1.5,1.6,1.4,1.6,1.7,1.5,1.7,1.5,1.9,2,1.5,1.6,1.3,1.6,1.3,1.7,1.7,1.5,1.7,1.4,1.8,1.8,1.4,1.6,1,1,0.7,0.8,0.9,0.7,0.9,0.6,0.9,0.8,0.6,0.6,0.5,0.6,0.5,0.7,0.7,0.5,0.8,0.6,0.8
2009-10,4,5.1,2.5,4.5,4.3,3.6,2.8,3.7,4.1,3.6,4.7,5.4,2.5,3.5,3.7,4.4,2.8,3.3,3.9,4.8,4,4.2,3.2,4.6,2.8,6.5,3.8,2.8,2.7,4.8,3.3,3.5,3.6,3.6,4.7,1.8,3.9,3.9,2.5,4,3.9,4.8,2.3,4.9,4.9,3.4,2.8,3.4,2.7,4.8,2.6,3,3.2,3.2,3.4,3.4,3.6,3.6,3.6,3.6,3.4,3.6,3.6,3.3,3.1,2.9,2.9,3,3,3,2.7,3,2.8,3.1,3.1,2.5,2.5,2.2,2.5,2.2,2.6,2.7,2.4,2.5,2.3,2.6,2.7,2.2,2.1,2.1,2.2,2.2,2.2,2.5,2.4,2.4,2.2,2.4,2.6,2.2,1.9,1.8,2,2.1,2.2,2.2,2.1,2.2,2.2,2.2,2.5,2.1,1.8,1.8,1.9,2,2.1,2.3,2.1,2.2,2.1,2.2,2.5,2.1,1.8,1.8,1.8,1.8,1.9,2.1,1.9,2,1.9,2,2.3,1.9,1.7,1.6,1.8,1.7,2.1,2.1,1.9,2.1,2,2.3,2.3,1.8,1.8,1.2,1,0.8,0.9,0.9,0.9,1.1,0.9,1.1,1,0.7,0.8,0.6,0.8,0.7,0.9,0.9,0.8,0.9,0.9,1.1
2009-11,3.9,5.1,2.1,4.4,4.3,3.5,2.7,3.5,4.2,3.5,4.6,5.3,2.3,3.3,3.6,4.3,2.5,3.1,3.8,4.8,3.7,4.2,3,4.4,2.7,6.7,3.8,2.3,2.5,4.7,3.2,3.5,3.6,3.4,4.7,1.7,3.7,3.9,2.5,3.8,4,4.7,2.1,4.8,4.9,3.2,2.4,3.3,2.5,4.6,2.6,3.1,2,1.9,2.1,2.1,2.3,2.3,2.2,2.2,2,2.2,2.2,2,2,1.9,1.9,2,2.1,2,1.7,1.9,1.8,1.9,1.9,1.7,1.6,1.4,1.6,1.5,1.6,1.8,1.6,1.5,1.6,1.8,1.8,1.4,1.3,1.3,1.4,1.4,1.6,1.6,1.4,1.5,1.4,1.5,1.6,1.4,1.3,1.2,1.3,1.3,1.5,1.5,1.4,1.4,1.4,1.5,1.6,1.4,1.3,1.2,1.3,1.3,1.4,1.4,1.4,1.4,1.4,1.5,1.7,1.5,1.3,1.3,1.3,1.3,1.4,1.5,1.4,1.4,1.3,1.4,1.5,1.4,1.3,1.2,1.3,1.2,1.4,1.5,1.3,1.4,1.3,1.5,1.5,1.3,1.2,0.8,0.7,0.5,0.5,0.7,0.6,0.7,0.6,0.6,0.6,0.5,0.5,0.4,0.5,0.4,0.5,0.6,0.5,0.6,0.5,0.6
2009-12,3.9,5.3,2.2,4.4,4.4,3.5,2.8,3.6,4.2,3.5,4.5,5.3,2.8,3.6,3.7,4.5,2.7,3.3,3.8,4.9,3.7,4.2,3.2,4.6,2.8,6.8,3.8,2.5,2.8,4.3,3.5,3.6,3.7,3.6,4.7,1.8,3.9,3.9,2.5,4.1,4,4.7,2.1,5,5,3.2,2.6,3.3,2.6,5,2.6,2.9,5.5,5.7,5.9,5.7,6,6.2,6.3,6.5,6.3,6.5,6.6,6,5.2,5.1,5.3,5.2,5.6,5.6,5.2,5.7,5.3,5.7,5.7,4.9,4.4,4.4,4.8,4.4,5,5.2,4.6,5,5.1,5.2,5.4,4.5,3.8,4.2,4.3,4.2,4.3,5,4.9,5,5,5.1,5.2,4.5,3.8,3.7,4.2,4.2,4.5,4.8,4.4,4.9,4.8,4.8,5,4.6,4,3.9,4.1,4.1,4.4,4.8,4.7,4.6,4.6,4.7,5.2,4.6,3.8,3.8,3.9,4.1,4.4,4.6,4.5,4.5,4.2,4.6,5.3,4.2,3.6,3.4,3.7,3.7,4,4.5,4.2,4.4,4.3,4.7,4.8,4,3.6,2.6,2.1,1.8,2,1.8,1.8,2.1,1.8,2.1,1.8,1.6,1.5,1.3,1.5,1.5,1.8,1.9,1.9,2.2,1.8,2
2010-01,4,5.3,2.5,4.3,4.6,3.5,2.8,3.6,4.2,3.4,4.4,5.4,2.8,3.7,3.7,4.6,2.9,3.4,4,5.2,4.1,4.3,3.3,4.6,2.9,6.8,4,2.7,2.7,4.3,3.6,3.6,3.7,3.6,4.9,2.1,4,4,2.4,4.2,4.1,4.9,2.6,5.1,5.1,3.3,2.7,3.4,2.7,5,2.8,3.2,3.2,3.2,3.3,3.3,3.4,3.5,3.5,3.6,3.5,3.7,3.7,3.4,3.3,3.1,3.1,3.2,3.1,3.2,3,3.2,3,3.2,3.2,2.7,2.5,2.2,2.6,2.4,2.6,2.8,2.6,2.7,2.8,2.9,3,2.3,2.2,2.1,2.3,2.4,2.4,2.6,2.5,2.6,2.6,2.6,2.8,2.3,2,2,2.2,2.3,2.3,2.4,2.2,2.4,2.3,2.3,2.5,2.3,2,2.1,2.2,2.1,2.2,2.3,2.3,2.4,2.4,2.4,2.7,2.4,2.1,1.9,2,2.1,2.2,2.4,2.4,2.3,2.4,2.4,2.6,2.1,2,1.9,2,2,2,2,1.7,2.1,2.1,2.3,2.3,2,1.9,1.4,1.1,1,1.1,1.2,1.1,1.2,1,1.2,1.1,0.9,0.9,0.7,0.8,0.8,0.9,0.9,0.8,1,1,1.1
2010-02,3.8,4.8,2.6,4.2,4.1,3.4,2.7,3.4,4.2,3.2,4.1,5.1,2.5,3.4,3.6,4.2,2.6,3.1,3.7,4.6,3.8,4.2,3.1,4.2,2.7,6,3.7,2.6,2.6,4.2,3.3,3.4,3.6,3.4,4.5,1.8,3.6,3.6,2.6,3.8,3.7,4.6,2.3,4.7,4.7,3.2,2.5,3.3,2.7,4.4,2.5,2.9,1.9,1.9,2.3,1.9,1.9,2,2,1.9,1.7,2,2,2,1.9,1.6,1.6,1.9,2,2.1,1.9,1.9,1.9,2,1.9,1.8,1.7,1.6,1.5,1.5,1.8,1.7,1.6,1.4,1.4,1.6,1.6,1.5,1.3,1.4,1.5,1.4,1.5,1.6,1.5,1.5,1.5,1.7,1.9,1.5,1.6,1.5,1.5,1.5,1.8,1.8,1.7,1.6,1.6,1.7,1.7,1.4,1.5,1.4,1.5,1.3,1.4,1.5,1.7,1.6,1.5,1.5,1.6,1.6,1.2,1.3,1.2,1.2,1.4,1.5,1.4,1.3,1.5,1.6,1.6,1.4,1.3,1.1,1.3,1.5,1.4,1.4,1.4,1.5,1.4,1.5,1.7,1.3,1.1,0.7,0.7,0.5,0.7,0.7,0.6,0.7,0.6,0.7,0.8,0.5,0.6,0.4,0.4,0.4,0.4,0.5,0.6,0.7,0.7,0.8
2010-03,3.4,4.3,2.4,3.7,3.6,3.3,2.5,3.1,3.8,3,3.8,4.6,2.3,3.4,3.1,3.6,2.2,2.8,3.1,4.1,3.2,3.8,2.8,3.9,2.4,5.3,3.3,2.2,2.5,4.1,3.3,3.2,3.2,3.1,4.1,1.6,3.3,3.4,2.5,3.5,3.6,4,1.6,4.2,4.2,3,2.3,3,2.4,3.7,2.2,2.7,2.1,2.1,2.3,2.2,2.5,2.4,2.4,2.4,2.4,2.4,2.5,2.2,2.3,2.1,2,2.1,2.2,2.3,2,2.3,2,2.2,2,1.8,1.6,1.5,1.7,1.7,1.8,1.8,1.7,1.9,1.7,1.7,2,1.6,1.4,1.4,1.5,1.4,1.6,1.7,1.5,1.7,1.5,1.6,1.7,1.4,1.3,1.3,1.4,1.3,1.8,1.6,1.5,1.4,1.4,1.4,1.5,1.4,1.3,1.2,1.3,1.2,1.4,1.4,1.3,1.5,1.4,1.5,1.6,1.5,1.4,1.1,1.2,1.4,1.5,1.4,1.3,1.4,1.4,1.6,1.7,1.5,1.3,0.9,1.1,1,1.5,1.6,1.4,1.6,1.4,1.6,1.6,1.3,1.3,0.8,0.7,0.6,0.8,0.9,0.8,0.9,0.7,0.9,0.8,0.6,0.6,0.5,0.5,0.5,0.7,0.7,0.6,0.8,0.6,0.8
2010-04,3.3,4.4,2.4,3.5,3.5,3.1,2.5,3,3.7,2.5,3.6,4.6,2.4,3,3,3.6,2.2,2.9,3.5,4.3,3.2,3.5,2.7,3.8,2.3,5.6,3.3,2,2.4,3.8,3.1,3,3.1,2.9,4.1,1.6,3.2,3.4,2.4,3.4,3.3,4.1,1.9,4.4,4.1,2.9,2.1,2.9,2.3,3.7,2.1,2.6,3,3.1,3.2,3.1,3.1,3,3.1,3.1,3,2.9,2.8,2.5,2.4,2.3,2.2,2.2,2.1,2.2,1.9,2.2,2,2.2,2.2,1.8,1.9,1.7,1.7,1.6,1.9,2,1.8,1.9,1.7,2,2,1.6,1.6,1.4,1.5,1.4,1.5,1.8,1.7,1.7,1.6,1.6,1.8,1.6,1.5,1.4,1.5,1.4,1.5,1.6,1.5,1.6,1.6,1.6,1.7,1.4,1.4,1.3,1.4,1.2,1.4,1.5,1.4,1.4,1.4,1.5,1.6,1.5,1.3,1.2,1.2,1.3,1.3,1.4,1.4,1.4,1.4,1.6,1.6,1.3,1.3,1.1,1.3,1.3,1.4,1.4,1.4,1.5,1.5,1.6,1.6,1.2,1.2,0.8,0.7,0.6,0.6,0.6,0.6,0.6,0.5,0.6,0.6,0.5,0.5,0.4,0.4,0.4,0.5,0.5,0.5,0.5,0.5,0.6
2010-05,3.5,4.7,2.3,3.7,3.9,3.1,2.6,3.1,3.7,2.6,3.8,4.7,2.4,3.2,3.1,3.8,2.4,3,3.6,4.4,3.5,3.8,2.9,3.9,2.5,5.9,3.5,2.4,2.4,3.8,3.3,3,3.1,3.1,4.2,1.6,3.4,3.5,2.4,3.6,3.3,4.4,1.8,4.6,4.3,3,2.3,3,2.3,4.2,2.4,2.8,3,2.9,3.1,2.9,3.1,3.2,3.3,3.4,3.2,3.3,3.6,3.2,3,2.9,2.6,2.8,2.6,2.7,2.3,2.9,2.4,2.8,3,2.2,2.4,2.2,2.6,2,2.4,2.5,2.3,2.5,2.2,2.5,2.7,2.2,1.9,1.8,1.8,1.8,2,2.2,2,2.1,1.8,2.2,2.2,1.8,1.7,1.6,1.8,1.6,1.9,1.9,1.9,1.8,1.6,1.9,2.2,1.6,1.6,1.4,1.8,1.6,1.7,1.9,1.6,1.8,1.6,2,2.2,1.8,1.7,1.4,1.6,1.5,1.6,1.7,1.6,1.6,1.5,1.7,1.8,1.7,1.4,1.4,1.5,1.5,1.6,1.8,1.5,1.7,1.5,2,1.9,1.5,1.7,1.3,1,0.9,0.9,0.9,0.7,0.9,0.8,1,0.9,0.6,0.8,0.5,0.6,0.6,0.7,0.8,0.7,0.7,0.6,0.9
2010-06,3.5,4.7,2.3,3.7,4,3.1,2.6,3.1,3.9,2.9,3.8,4.9,2.5,3.4,3.3,3.9,2.3,3.2,3.7,4.3,3.6,3.9,2.7,4,2.4,5.9,3.6,2.8,2.5,3.9,3.2,3.1,3.1,3.1,4.3,1.6,3.6,3.6,2.3,3.7,3.4,4.4,1.9,4.5,4.3,3.2,2.2,3,2.4,4.7,2.5,2.7,3,2.8,2.9,2.9,3.1,3.1,3.2,3.2,2.8,2.8,2.7,2.5,2.7,2.6,2.6,2.6,2.7,2.7,2.5,2.7,2.5,2.8,2.8,2.4,2.5,2.1,2.4,2.2,2.4,2.6,2.4,2.5,2.4,2.6,2.7,2.3,2.2,2.1,2.2,2.1,2.2,2.4,2.3,2.4,2.3,2.4,2.5,2.2,2.1,1.9,2,2,2.2,2.3,2.3,2.3,2.2,2.2,2.4,2.2,2.1,2,2,2,2.2,2.4,2.3,2.3,2.3,2.4,2.6,2.2,2.1,2,2,2,2,2.1,2.1,2.2,2.1,2.3,2.4,2.1,2,1.7,1.9,1.8,2.2,2.3,2,2.2,2.1,2.3,2.4,2,1.9,1.3,1.1,0.9,0.9,1,0.8,0.9,0.8,1,0.9,0.7,0.8,0.6,0.7,0.7,0.8,0.8,0.7,0.7,0.7,0.9
2010-07,3.7,5,2.3,3.9,4.1,3.1,2.6,3.3,4.2,3.2,4,5.2,2.4,3.6,3.4,4.2,2.5,3.3,3.9,4.7,3.6,4,3,4.1,2.6,6.1,3.9,2.7,2.7,3.8,3.3,3.2,3.4,3.3,4.5,1.7,3.7,3.8,2.5,3.8,3.6,4.6,2,4.7,4.6,3.2,2.6,3.2,2.5,4.5,2.7,3.1,3,2.9,3.1,2.9,3,3.3,3.2,3.2,3,3.3,3.4,3.1,2.9,2.6,2.7,2.7,2.9,2.7,2.4,2.9,2.7,3,2.9,2.4,2.5,2.3,2.4,2.1,2.5,2.5,2.3,2.6,2.2,2.6,2.6,2.1,2.1,1.8,2.2,2.2,2.3,2.3,2.3,2.5,2.3,2.6,2.9,2.3,2.2,1.9,2,2.1,2.2,2.3,2.2,2.3,2.3,2.3,2.5,2.3,2.1,2,2.1,2,2.2,2.4,2.1,2.2,2.2,2.4,2.6,2.1,2.1,2,2.1,1.9,2.4,2.4,2.1,2.3,2.2,2.4,2.5,2.1,1.8,1.6,1.9,2,2.1,2,2,2.5,2.1,2.6,2.6,2,1.9,1.3,1.2,1,1.1,1.2,1,1,1,1.2,1.1,0.9,0.8,0.7,0.7,0.7,1,0.9,1,1.2,1.1,1.4
2010-08,3.7,5,2.3,4.1,4.2,3.1,2.6,3.3,3.9,3,4,5.1,2.3,3.4,3.4,4.2,2.6,3.4,3.9,4.7,3.5,4.1,3.1,4.1,2.6,6.1,4,2.4,2.7,3.8,3.2,3.3,3.2,3.3,4.5,1.7,3.7,3.8,2.5,4,3.5,4.6,1.7,4.7,4.6,3.2,2.7,3.2,2.5,4.4,2.6,2.9,2.9,2.8,2.9,3,3.1,3.2,3.2,3.3,3,3.2,3.1,2.8,2.8,2.6,2.7,2.7,2.8,2.9,2.6,2.9,2.6,3,3,2.6,2.6,2.3,2.4,2.2,2.5,2.7,2.5,2.6,2.5,2.7,2.7,2.4,2.2,2.1,2.2,2.2,2.3,2.5,2.4,2.5,2.4,2.5,2.7,2.4,2.1,2,2.1,2,2.3,2.4,2.3,2.4,2.2,2.4,2.5,2.2,2.1,1.9,2.1,2,2.2,2.3,2.1,2.1,2.1,2.2,2.4,2.1,2,1.9,1.9,1.9,2,2.2,2.1,2.1,1.9,2.2,2.3,2,1.8,1.7,1.8,1.6,2,2.1,1.9,2.2,2,2.3,2.2,1.8,1.8,1.3,1.1,0.8,0.9,1,0.8,0.9,0.7,1,1,0.7,0.8,0.6,0.7,0.6,0.8,0.8,0.7,0.8,0.7,0.9
2010-09,3.7,5,2.4,4,4.2,3,2.7,3.2,4,3.2,3.9,5.1,2.3,3.3,3.4,4,2.6,3.3,3.8,4.7,3.4,4.1,2.9,4.1,2.7,6.3,3.9,2.5,2.6,3.8,3,3.4,3.3,3.3,4.6,1.8,3.7,3.7,2.5,4,3.3,4.7,1.7,4.7,4.7,3.1,2.7,3.1,2.5,4.3,2.6,2.9,3.7,3.7,3.8,3.9,4,3.9,4.2,4.2,4.1,4.2,4.3,3.9,3.6,3.5,3.4,3.5,3.5,3.6,3.4,3.6,3.4,3.7,3.7,3.2,3,2.7,3.1,2.8,3.1,3.3,3.1,3.2,3.2,3.3,3.3,2.8,2.6,2.6,2.7,2.6,2.6,2.9,2.8,3,2.8,3.1,3.3,2.8,2.5,2.3,2.5,2.5,2.8,2.8,2.7,2.8,2.6,2.6,2.9,2.6,2.4,2.4,2.5,2.5,2.7,2.7,2.6,2.6,2.6,2.7,2.9,2.5,2.4,2.1,2.3,2.3,2.5,2.5,2.4,2.2,1.9,2.1,2.5,2.2,2,1.8,2.1,2,2.2,2.4,2.3,2.5,2.3,2.6,2.6,2.2,2.1,1.6,1.4,1.1,1.1,1.2,1.1,1.2,1.1,1.4,1.3,0.9,1,0.8,0.9,0.9,1.1,1.1,0.9,1.2,0.9,1.2
2010-10,3.7,4.9,2.5,4,4.6,3,2.7,3.4,4,3.3,4,5.2,2.4,3.2,3.3,4,2.6,3.3,3.8,4.7,3.6,4,3,4.1,2.7,6.3,3.9,2.4,2.7,3.9,3.2,3.4,3.4,3.3,4.5,1.6,3.7,3.9,2.5,3.9,3.5,4.8,1.8,4.7,4.7,3.2,2.6,3.3,2.5,4.5,2.5,2.6,1.4,1.4,1.8,1.6,1.7,1.5,1.3,1.5,1.6,1.6,1.8,1.4,1.3,1.4,1.7,1.4,1.2,1.2,1,1.1,1.1,1.2,1.1,1.1,0.9,0.9,0.9,0.8,1.1,1.1,1.3,1,0.9,1,1.2,1,0.8,0.9,1.2,1.1,1.2,1.3,1.4,1.1,1,1.2,1.2,1.2,1,1.1,1.1,1.3,1.4,1.3,1.4,1.4,1.3,1.3,1.6,1.2,1.1,1.2,1,1.2,1.3,1.2,1.2,1,0.9,0.9,1.4,1.5,1,1,0.8,0.9,1.4,1,1,1.1,0.9,1.2,1.4,1.2,1,0.9,1.3,1,1.2,1,1.1,1.2,1.2,1.2,1.2,1.3,1.2,0.7,0.5,0.5,0.6,0.7,0.6,0.6,0.5,0.7,0.8,0.6,0.6,0.4,0.7,0.6,0.7,0.6,0.6,0.8,0.5,0.7
2010-11,3.6,4.9,2,3.9,4.4,3,2.5,3.4,3.8,3,3.8,5,2.3,3.1,3.3,3.9,2.5,3.1,3.8,4.6,3.3,3.9,2.8,4,2.6,6.3,3.8,2.4,2.5,3.6,3,3.3,3.4,3.2,4.4,1.7,3.6,3.8,2.4,3.9,3.6,4.7,1.6,4.6,4.6,3.2,2.5,3.2,2.4,4.2,2.4,2.8,2.9,2.9,3.1,3.1,3.3,3.3,3.4,3.4,3.3,3.5,3.5,3.2,2.9,2.6,2.8,2.9,3,3,2.7,3,2.8,3,3,2.5,2.5,2.1,2.4,2.3,2.6,2.8,2.6,2.5,2.6,2.7,2.8,2.3,2.1,2.1,2.2,2.3,2.4,2.6,2.5,2.5,2.5,2.6,2.7,2.3,2,1.9,2.2,2.2,2.4,2.4,2.3,2.4,2.3,2.5,2.6,2.4,2,2,2.1,2.1,2.3,2.4,2.3,2.3,2.2,2.4,2.6,2.2,2,1.9,2,2,2.1,2.2,2.1,2.1,2.1,2.3,2.5,2.1,1.9,1.7,1.8,1.8,2,2.1,1.9,2.2,2.1,2.3,2.3,1.9,1.8,1.3,1.1,0.8,1,1.1,1,1.1,1,1.2,1.2,0.9,0.9,0.7,0.8,0.7,1,1,0.9,1.1,1,1.2
2010-12,3.7,5.1,2.3,3.9,4.3,3,2.7,3.5,4.1,3.1,3.9,5.2,2.3,3.3,3.4,4.2,2.7,3.2,3.9,5,3.7,4.2,3.2,4.2,2.6,6.3,3.9,2.4,2.8,3.7,3.3,3.4,3.6,3.4,4.7,2,3.8,4,2.5,4.2,3.9,4.9,1.9,4.8,4.8,3.1,2.5,3.3,2.6,4.8,2.4,2.8,3.2,3.3,3.4,3.5,3.6,3.5,3.7,3.7,3.5,3.7,3.7,3.2,3.3,3,2.9,2.8,2.8,2.9,2.9,3,3,3.3,3.4,2.8,2.8,2.5,2.8,2.5,2.8,3,2.6,2.8,2.9,3,3,2.5,2.4,2.3,2.4,2.3,2.3,2.6,2.6,2.7,2.8,2.9,3.2,2.7,2.5,2.4,2.5,2.7,2.9,2.9,2.8,3,2.9,3.1,3.2,2.9,2.7,2.7,2.8,2.8,2.8,2.9,2.9,3,2.9,3,3.2,2.8,2.4,2.4,2.4,2.5,2.6,2.6,2.7,2.8,2.6,2.6,2.9,2.4,2.2,2.3,2.3,2.1,2.1,2.1,2.2,2.7,2.5,2.8,2.8,2.3,2.2,1.6,1.5,1.1,1.3,1.4,1.2,1.4,1.3,1.5,1.3,1,1,0.7,0.9,0.9,1.1,1.1,1.1,1.3,1.2,1.4
2011-01,3.7,5,2.4,3.6,4.4,3,2.6,3.4,4.1,3.2,3.9,5.2,2.4,3.2,3.5,4.2,2.7,3.2,4,5,3.8,4.2,3.2,4.1,2.7,6.5,3.9,2.5,2.9,3.6,3.4,3.4,3.5,3.5,4.7,1.7,3.8,4,2.4,4.2,3.9,5,2,4.9,4.8,3.1,2.5,3.3,2.6,5,2.5,2.6,2.1,2.1,2.1,2.1,2.1,2,2,2,1.9,2.1,2.2,2,1.8,1.7,1.7,1.5,1.5,1.6,1.4,1.6,1.4,1.5,1.4,1.2,1.3,1.1,1.2,1.1,1.3,1.4,1.2,1.2,1.2,1.4,1.4,1.1,1.2,1,1.1,1,1.2,1.2,1.2,1.2,1.1,1.2,1.3,1.1,1,0.9,1,1,1.1,1.1,0.9,1,1,1.2,1.2,1.1,1,0.9,1,0.9,1,1,0.9,1,0.9,1,1.1,1,0.9,0.8,0.9,0.9,1,1,1,0.9,0.9,1,1,1,0.8,0.7,0.8,0.8,0.9,1,0.9,1,0.9,0.9,1,0.9,0.8,0.5,0.5,0.4,0.5,0.5,0.4,0.4,0.3,0.4,0.4,0.3,0.4,0.3,0.3,0.3,0.4,0.4,0.3,0.4,0.3,0.4
2011-02,3.4,4.6,2.1,3.4,4,2.8,2.5,3.2,3.9,3.2,3.6,4.9,2.2,3,3.3,3.8,2.5,2.8,3.6,4.4,3.3,3.9,2.9,3.7,2.4,5.8,3.6,2.2,2.5,3.4,3.2,3.4,3.1,3.2,4.4,1.3,3.4,3.7,2.4,3.8,3.7,4.6,1.7,4.5,4.4,3,2.6,3.1,2.4,4.4,2.4,2.4,3.4,3.4,3.6,3.6,3.8,3.8,3.8,3.9,3.7,4.1,4.1,3.7,3.6,3.4,3.4,3.5,3.5,3.5,3.3,3.5,3.3,3.7,3.8,3,3,2.7,3.1,2.8,3.2,3.3,3,3.1,3,3.4,3.4,2.8,2.6,2.5,2.7,2.7,2.7,3,2.9,3.1,2.9,3.2,3.4,2.9,2.5,2.4,2.6,2.6,2.9,3,2.8,2.9,2.8,3,3.2,2.8,2.5,2.5,2.7,2.7,2.9,2.9,2.7,2.7,2.8,2.9,3.3,2.8,2.5,2.4,2.5,2.5,2.6,2.9,2.7,2.6,2.6,2.7,3,2.5,2.3,2.1,2.2,2.2,2.5,2.7,2.5,2.7,2.5,2.8,2.9,2.4,2.3,1.6,1.3,1.1,1.2,1.3,1.1,1.3,1.1,1.4,1.3,1,1,0.8,0.9,0.8,1,1.1,1,1.1,1,1.3
2011-03,3.1,4.1,2,3.1,3.5,2.7,2.3,3,3.4,3.2,3.3,4.3,2.1,2.7,2.9,3.2,2.1,2.5,2.9,4,3.1,3.5,2.8,3.3,2.2,5.1,3.2,2.2,2.3,3.4,3.1,3,2.8,3,3.8,1.3,3,3.3,2.3,3.3,3.6,4,1.2,4,3.8,2.7,2.5,2.8,2.2,3.7,2,2.2,3.2,3.2,3.2,3.4,3.7,3.5,3.4,3.3,2.9,3.3,3.4,3.3,3.3,2.8,3,2.9,3,3.1,2.8,3,2.9,3.3,3.3,2.7,3,2.2,2.8,2.4,2.7,3.2,2.9,2.7,2.5,2.9,3.1,2.7,2.5,2.4,2.3,2.1,2.3,2.6,2.3,2.4,2.2,2.4,2.8,2.2,2,1.8,2.2,2.1,2.2,2.6,2.3,2.5,2.3,2.3,2.6,2.1,2,1.8,2,2.2,2.2,2.4,2,2.1,2.3,2.5,2.8,2.4,2.2,1.8,2.1,2,2.1,2.1,2,2.1,2.1,2.3,2.6,2.3,2.1,1.7,1.8,1.5,1.8,2,1.8,2.1,2.1,2.3,2.3,1.8,1.8,1.2,1.1,0.8,1,0.9,0.8,1,0.9,1,0.8,0.7,0.7,0.4,0.5,0.5,0.7,0.5,0.6,0.8,0.9,0.9
2011-04,2.9,3.9,2.2,2.9,3.4,2.5,2.2,2.8,3.4,3.1,3.2,4.2,1.9,2.7,2.8,3.1,2,2.4,3,3.8,3,3.2,2.5,3.1,2.1,5,3.1,1.9,2.1,3.2,2.8,2.8,2.7,2.6,3.6,1.2,2.7,3,2.1,3.1,3.1,3.7,1.3,3.9,3.6,2.5,2.4,2.6,2.1,3.7,1.9,2.2,3.8,3.9,4.1,4,4.2,4.1,4.4,4.4,4.2,4.4,4.6,4.2,3.8,3.6,3.4,3.6,3.7,3.7,3.6,3.7,3.6,3.9,3.9,3.3,3.1,2.8,3.3,2.8,3.4,3.4,3.3,3.5,3.3,3.6,3.6,3.1,2.9,2.9,3,3.1,3.1,3.3,3.3,3.3,2.8,3.1,3.4,3.1,2.8,2.6,2.8,2.9,3.1,3.2,3.2,3.2,3,3,3.2,3.1,2.7,2.6,2.7,2.8,2.9,3.1,2.9,3,2.8,2.9,3.2,3,2.7,2.5,2.6,2.6,2.7,2.8,2.7,2.7,2.5,2.7,3,2.6,2.4,2.1,2.4,2.4,2.8,2.9,2.6,3,2.7,3,3.2,2.5,2.4,1.7,1.3,1.2,1.2,1.3,1.2,1.4,1.2,1.4,1.4,1.1,1.1,0.9,1,0.9,1.2,1.2,1.1,1.2,1.1,1.4
2011-05,3.1,4.1,2.4,3,3.7,2.6,2.3,2.9,3.5,3.1,3.3,4.4,1.8,2.8,3,3.6,2.2,2.7,3.4,4.1,3.3,3.4,2.6,3.4,2.2,5.4,3.3,2.1,2.3,3.2,2.9,2.9,2.9,2.9,3.8,1.4,3.1,3.4,2.1,3.5,3.3,3.9,1.6,4.1,3.8,2.7,2.5,2.7,2.2,4.2,2.1,2.5,1.6,1.4,1.7,1.8,2,1.9,1.8,1.8,2.3,1.8,1.8,1.7,1.7,1.7,1.7,1.4,1.8,1.8,1.6,1.7,1.6,1.8,1.9,1.5,1.3,1.6,1.4,1.3,1.6,1.6,1.5,1.4,1.5,1.5,1.5,1.3,1.1,1.3,1.4,1.6,1.6,1.5,1.7,1.3,1.2,1.4,1.5,1.4,1.2,1,1.3,1.3,1.6,1.7,1.8,1.6,1.7,1.8,1.9,1.6,1.4,1.3,1.2,1.3,1.5,1.6,1.4,1.7,1.6,1.7,1.8,1.2,1.2,1,1.2,1.2,1.4,1.4,1.3,1.4,1.1,1.4,1.3,1.1,1,0.9,1.3,1.5,1.3,1.2,1.1,1.4,1.1,1.5,1.4,0.8,1,0.6,0.6,0.5,0.7,0.8,0.5,0.6,0.7,0.9,0.6,0.7,0.5,0.4,0.5,0.4,0.6,0.6,0.6,0.7,0.7,0.6
2011-06,3.2,4.1,2.4,3,3.6,2.5,2.3,2.9,3.8,2.9,3.3,4.3,1.9,3,3,3.6,2.3,2.6,3.5,4.2,3.1,3.4,2.6,3.6,2.2,5.6,3.3,2.2,2.3,3.1,3,2.9,2.8,2.9,3.9,1.4,3.2,3.6,2.2,3.6,3,4,1.5,4,3.9,2.7,2.6,2.8,2.2,4.3,2.2,2.5,3.8,3.7,3.9,4,4.1,4.2,4.3,4.4,4.2,4.4,4.3,4,3.7,3.7,3.7,3.7,3.8,3.8,3.3,3.7,3.4,3.7,3.9,3.3,3,2.9,3.1,2.9,3.4,3.6,3.1,3.3,3.3,3.5,3.5,2.9,2.8,2.6,2.7,2.8,2.9,3.2,3,3.2,2.9,3.2,3.4,2.9,2.5,2.4,2.6,2.5,2.7,2.8,2.8,2.8,2.7,2.8,3,2.8,2.5,2.3,2.5,2.4,2.5,2.6,2.5,2.8,2.8,2.9,3.1,2.7,2.5,2.3,2.4,2.5,2.6,2.6,2.5,2.5,2.6,2.7,2.9,2.5,2.2,2.1,2.2,2.2,2.4,2.6,2.4,2.7,2.4,2.7,2.6,2.3,2.1,1.4,1.2,1,1.1,1.2,1.1,1.2,1.1,1.3,1.2,1,1,0.8,0.8,0.8,1,1,0.9,1.1,1.1,1.2
2011-07,3.4,4.2,2.5,3.3,4.1,2.7,2.4,3.2,3.8,2.9,3.5,4.7,1.9,2.8,3.2,3.8,2.5,2.9,3.6,4.6,3.4,3.7,2.8,3.8,2.5,5.9,3.5,2.4,2.6,3.2,3.2,3.1,2.9,3.1,4.1,1.6,3.4,3.7,2.2,3.7,3.3,4.4,1.5,4.2,4.3,2.9,2.7,3,2.4,4.7,2.4,2.4,3.8,3.7,3.9,4,4.2,4.2,4.3,4.4,4.2,4.5,4.4,4.1,3.8,3.5,3.5,3.6,3.6,3.7,3.4,3.7,3.4,3.8,3.8,3.1,3.1,2.7,3.1,2.7,3.2,3.4,3.2,3.3,3.3,3.5,3.5,2.8,2.7,2.6,2.7,2.6,2.7,2.9,3,3.2,3,3.2,3.4,2.9,2.6,2.5,2.6,2.8,2.9,2.9,2.9,3.1,3.1,3.2,3.3,3,2.7,2.6,2.8,2.7,3,2.9,2.4,2.3,2.1,2.4,2.7,2.4,2.4,2.3,2.4,2.4,2.6,2.8,2.6,2.8,2.7,2.9,3.1,2.7,2.4,2.2,2.4,2.4,2.8,2.8,2.6,2.8,2.6,2.9,3,2.5,2.4,1.6,1.2,1.1,1.2,1.2,1.1,1.2,1.1,1.3,1.2,0.9,0.8,0.6,0.7,0.8,1,1.1,1,1.1,1.1,1.3
2011-08,3.4,4.4,2.5,3.4,4,2.7,2.5,3.4,3.9,2.9,3.7,4.8,2.1,3,3.3,3.9,2.5,3,3.6,4.6,3.4,3.8,2.9,3.8,2.4,6.2,3.6,2.3,2.5,3.3,3.2,3.1,2.9,3.2,4.2,1.5,3.4,3.7,2.2,3.9,3.3,4.4,1.7,4.3,4.4,2.9,2.6,2.9,2.4,4.4,2.4,2.4,2.6,2.5,2.5,2.6,2.7,2.6,2.7,2.6,2.5,2.7,2.6,2.4,2.3,2.1,2.1,2.1,2.1,2.2,1.9,2.2,2.1,2.2,2.1,1.8,1.7,1.5,1.7,1.5,1.8,2,1.7,1.9,1.9,2.1,2.1,1.7,1.5,1.4,1.6,1.7,1.7,1.8,1.8,2,1.8,1.9,2.1,1.7,1.5,1.5,1.6,1.7,1.7,1.7,1.7,1.7,1.8,1.7,1.8,1.6,1.4,1.4,1.5,1.5,1.7,1.7,1.6,1.6,1.6,1.6,1.7,1.5,1.4,1.4,1.3,1.4,1.5,1.5,1.5,1.6,1.5,1.6,1.5,1.6,1.4,1.3,1.4,1.3,1.4,1.5,1.5,1.6,1.4,1.6,1.6,1.4,1.4,0.9,0.8,0.7,0.7,0.6,0.6,0.7,0.6,0.7,0.7,0.5,0.5,0.4,0.5,0.5,0.6,0.6,0.6,0.7,0.6,0.7
2011-09,3.4,4.3,2.4,3.3,4.2,2.7,2.3,3.4,4.1,2.6,3.5,4.7,1.9,2.9,3.2,3.8,2.5,3,3.5,4.5,3.6,3.6,2.7,3.6,2.4,6.3,3.5,2.2,2.3,3,2.9,3.1,3,3.2,4.1,1.4,3.3,3.6,2.2,3.8,3.3,4.4,1.6,4.2,4.3,2.8,2.7,3,2.4,4.3,2.4,2.6,2.2,2.4,2.5,2.4,2.5,2.2,2.1,2.3,2.2,2.5,2.4,2.3,2.3,2.3,2.1,2.1,2.2,2.4,2,2,1.8,2.2,2.4,1.8,1.9,1.8,1.9,1.7,1.7,1.9,1.9,1.8,1.8,2.1,2.5,1.9,1.7,1.5,1.8,1.7,1.9,2,1.9,2,2,2.1,2.1,1.8,1.4,1.3,1.7,1.7,1.7,1.8,1.6,1.6,1.4,1.6,1.8,1.4,1.4,1.2,1.4,1.4,1.8,1.6,1.2,1.5,1.4,1.8,1.9,1.4,1.4,1.3,1.5,1.2,1.5,1.6,1.3,1.3,1.2,1.7,1.6,1.2,1.3,1,1.5,1,1.6,1.5,1.5,1.7,1.3,1.5,1.7,1.2,1.4,0.8,0.8,0.6,0.9,0.9,0.6,0.8,0.6,1,0.8,0.7,0.8,0.5,0.7,0.5,0.9,0.8,0.5,0.8,0.6,0.8
2011-10,3.4,4.5,2,3.3,4.3,2.7,2.3,3.4,3.9,3.1,3.6,4.8,1.9,3.1,3.3,3.7,2.5,2.8,3.5,4.6,3.7,3.7,2.8,3.7,2.3,6.5,3.6,2,2.6,3.1,3.1,3.2,3,3.3,4.2,1.2,3.4,3.5,2.1,3.8,3.5,4.6,1.6,4.3,4.4,2.7,2.6,3,2.3,4.4,2.4,2.6,2.7,2.7,2.7,2.8,3,2.9,3,3.1,2.9,3,3,2.8,2.7,2.6,2.4,2.5,2.6,2.6,2.3,2.6,2.4,2.6,2.6,2.2,2.3,1.9,2.2,2,2.3,2.3,2.1,2.3,2.3,2.3,2.4,2,2,1.9,2,2,2.1,2.2,2.1,2.2,2.1,2.2,2.4,2.1,1.8,1.7,1.8,1.9,2.1,2.1,2,2.1,2,2,2.1,1.9,1.8,1.7,1.8,1.8,1.9,2,2,2,2,2.1,2.2,2,1.8,1.7,1.7,1.8,1.9,2,1.9,1.9,1.8,2,2.1,1.8,1.7,1.5,1.7,1.6,1.9,1.9,1.8,1.9,1.8,1.9,2,1.6,1.6,1.1,0.9,0.7,0.8,0.9,0.8,0.8,0.7,0.9,0.9,0.6,0.7,0.5,0.6,0.6,0.7,0.7,0.7,0.8,0.8,0.9
2011-11,3.3,4.5,1.8,3.3,4.2,2.6,2.3,3.2,3.9,3.1,3.5,4.7,1.7,2.8,3.2,3.7,2.3,2.9,3.5,4.7,3.3,3.6,2.6,3.5,2.2,6,3.4,2.3,2.4,3,3,3.1,3.1,3.1,4.1,1.6,3.3,3.6,2.1,3.6,3.4,4.3,1.8,4.2,4.3,2.7,2,2.9,2.2,4.4,2.3,2.7,2.2,2.1,2.1,2.1,2.1,2.1,2.2,2,1.9,2,2.1,1.9,1.8,1.7,1.6,1.6,1.6,1.7,1.6,1.6,1.4,1.6,1.6,1.4,1.4,1.3,1.4,1.2,1.4,1.4,1.3,1.3,1.3,1.4,1.5,1.2,1.1,1.1,1.2,1.2,1.3,1.3,1.2,1.2,1.1,1.2,1.4,1.1,1,0.9,1,1,1.2,1.1,1.1,1.1,1,1,1.1,1.1,0.9,0.9,1,1,1,1.1,1,1,1,1,1.1,1,0.9,0.9,1,1,1.1,1.1,1.1,1,1,1.1,1.1,0.9,0.9,0.8,0.9,0.9,1,1,1,1,0.9,1.1,1.1,0.8,0.8,0.5,0.5,0.4,0.5,0.5,0.4,0.5,0.4,0.5,0.5,0.4,0.4,0.3,0.4,0.3,0.4,0.4,0.4,0.4,0.4,0.5
2011-12,3.5,4.8,2.4,3.4,4.5,2.7,2.3,3.4,4.2,3,3.6,4.9,2.2,3,3.3,4,2.4,3.1,3.7,5.1,3.6,3.8,2.8,3.7,2.4,6.5,3.6,2.2,2.6,3.1,3.3,3.2,3.3,3.3,4.2,1.7,3.5,3.9,2.2,3.9,3.9,4.5,1.7,4.4,4.5,2.9,2.3,3.1,2.3,4.7,2.4,2.7,4,3.9,4.1,4.5,4.6,4.5,4.3,4.5,4.3,4.7,4.9,4.4,4,3.8,4.1,4.3,4.3,4.4,4,4.3,4,4.3,4.6,3.6,3.2,3.1,3.7,3.7,3.7,3.6,3.5,3.5,3.6,3.8,3.9,3.2,2.8,2.8,3,2.9,3.4,3.5,3.4,3.6,3.7,4.1,4.1,3.6,3.1,2.9,3.5,3.6,3.8,3.8,3.5,3.6,3.4,3.7,3.8,3.6,3.3,3.2,3.6,3.4,3.9,3.8,3.3,3.6,3.3,4,4.4,3.5,3.2,3.1,3.4,3.2,3.5,3.2,2.8,3.1,2.9,3.6,3.6,3.1,3,2.5,3.2,2.9,3.1,3.3,2.9,3.3,3,3.5,3.6,3,2.7,1.8,1.8,1.3,1.5,1.8,1.6,2.1,1.7,2.1,1.8,1.4,1.6,1.2,1.3,1.1,1.5,1.6,1.5,1.9,1.8,1.9
2012-01,3.7,5,2.8,3.4,4.5,2.9,2.4,3.7,4.2,3,3.8,5.1,2.4,3.3,3.5,4.3,2.6,3.3,4.1,5.3,3.8,4,3,4,2.4,7,3.9,2.4,2.6,3.3,3.3,3.3,3.6,3.5,4.6,1.9,3.7,4,2.4,4.2,4,4.8,1.7,4.7,4.7,3,2.6,3.2,2.5,5.1,2.5,2.7,2,2,2.1,2.2,2.2,2.3,2.3,2.4,2.1,2.3,2.2,2,1.9,1.7,1.8,1.9,2,2,1.7,1.9,1.8,1.9,2,1.6,1.6,1.4,1.6,1.5,1.7,1.8,1.6,1.7,1.6,1.7,1.7,1.4,1.3,1.2,1.3,1.3,1.4,1.5,1.4,1.5,1.4,1.5,1.6,1.4,1.2,1.2,1.3,1.2,1.4,1.5,1.4,1.4,1.4,1.4,1.5,1.4,1.3,1.3,1.3,1.4,1.4,1.5,1.4,1.4,1.5,1.5,1.6,1.4,1.3,1.2,1.2,1.2,1.3,1.4,1.3,1.4,1.3,1.3,1.4,1.3,1.2,1.1,1.1,1.1,1.3,1.3,1.2,1.3,1.2,1.4,1.4,1.1,1.2,0.9,0.8,0.6,0.7,0.8,0.7,0.8,0.7,0.8,0.7,0.5,0.5,0.4,0.5,0.5,0.7,0.7,0.6,0.7,0.6,0.7
2012-02,3.3,4.3,2.3,3,4,2.6,2.3,3.3,3.7,3,3.4,4.6,2.1,2.7,3.1,3.8,2.3,2.9,3.6,4.7,3.4,3.6,2.6,3.5,2.2,5.9,3.5,2.2,2.1,3.1,3,3.1,3,3.1,4.1,1.8,3.2,3.6,2.2,3.8,3.4,4.2,1.8,4.2,4.2,2.5,2.4,2.9,2.3,4.3,2.1,2.3,2,1.9,2.1,2.5,2.7,2.4,2.8,2.3,2.6,2.5,2.5,2.3,2.5,2.2,2.4,2.6,2.6,2.3,2.2,2.5,2.3,2.1,2.5,2,2,1.8,2.2,2.2,2.2,2.3,2.2,2.2,2.5,2.4,2.3,1.9,1.9,2.1,2,2.1,2.5,2.5,2.5,2.5,2.4,2.2,2.7,2.4,2.1,2.2,2,2.2,2.1,2.2,2.6,2.5,2.3,2.5,2.6,2.4,1.9,1.8,2,2,2.2,2.3,2.2,2.2,2.2,2.6,2.3,2.3,2.1,1.9,2,1.8,2.1,2.2,2.2,1.8,1.8,2,1.8,1.6,1.6,1.6,1.7,1.3,1.9,2,1.8,1.7,1.7,1.6,2,1.7,1.7,1.2,1.2,1,1.2,1.4,1.1,1.4,1.1,1.2,1.3,0.7,0.8,0.7,0.7,0.8,0.8,0.9,1,1,1.2,1.3
2012-03,3.1,4.1,2.5,3,3.7,2.6,2.2,3.2,3.6,2.7,3.3,4.3,2,2.4,2.8,3.2,2.2,2.7,3,4.2,3,3.5,2.6,3.2,2,5.5,3.2,1.9,2.1,3,3,3,3,2.9,3.7,1.4,2.9,3.2,2.1,3.4,3.2,3.8,1.6,3.8,3.8,2.6,2.2,2.7,2.2,4,2,2,,,,,,,,,,,,,,,,,,,,,,,,,,,,,,,,,,,,,,,,,,,,,,,,,,,,,,,,,,,,,,,,,,,,,,,,,,,,,,,,,,,,,,,,,,,,,,,,,,,,,,,,,,,,,,,,,,,,,,
2012-04,3,4.1,2.2,2.8,3.6,2.5,2.1,3,3.8,2.6,3.1,4.1,1.8,2.7,2.7,3.2,2.1,2.6,3.1,4,3,3.4,2.6,3.2,1.9,5.7,3.2,1.9,2.1,3.1,2.9,2.8,2.9,2.8,3.7,1.4,2.9,3.3,2.1,3.4,3.2,3.9,1.4,3.7,3.7,2.5,2.4,2.7,2.1,3.9,2,1.9,,,,,,,,,,,,,,,,,,,,,,,,,,,,,,,,,,,,,,,,,,,,,,,,,,,,,,,,,,,,,,,,,,,,,,,,,,,,,,,,,,,,,,,,,,,,,,,,,,,,,,,,,,,,,,,,,,,,,,
2012-05,3.1,4.3,2.2,2.8,3.8,2.5,2.2,3.1,3.9,2.8,3.2,4.3,1.9,2.7,2.9,3.6,2.3,2.8,3.2,4.4,3,3.5,2.7,3.4,2.1,5.9,3.3,2.3,2.3,3.2,3.1,2.9,3.1,2.9,3.8,1.8,3.1,3.4,2.1,3.6,3.2,4.1,1.7,3.9,3.9,2.5,2.5,2.7,2.1,4.1,2.1,2.1,,,,,,,,,,,,,,,,,,,,,,,,,,,,,,,,,,,,,,,,,,,,,,,,,,,,,,,,,,,,,,,,,,,,,,,,,,,,,,,,,,,,,,,,,,,,,,,,,,,,,,,,,,,,,,,,,,,,,,
2012-06,3.1,4.3,2.4,2.7,3.9,2.5,2.2,3.1,3.9,3.1,3.2,4.3,2.1,2.8,2.9,3.6,2.2,2.8,3.1,4.5,2.8,3.4,2.5,3.4,2.1,5.7,3.3,1.9,2.2,3.1,2.9,2.9,2.9,3,3.9,1.6,3.1,3.5,2.1,3.6,3.4,4,1.8,4,4,2.6,2.4,2.8,2.1,4.5,2.2,2.5,,,,,,,,,,,,,,,,,,,,,,,,,,,,,,,,,,,,,,,,,,,,,,,,,,,,,,,,,,,,,,,,,,,,,,,,,,,,,,,,,,,,,,,,,,,,,,,,,,,,,,,,,,,,,,,,,,,,,,
2012-07,3.3,4.5,2.3,2.8,4,2.6,2.3,3.2,3.8,2.8,3.3,4.5,2.2,2.9,3.1,3.8,2.3,2.9,3.4,4.7,3.2,3.6,2.7,3.6,2.3,6,3.4,1.9,2.5,3.1,3.1,3.1,3,3.1,4,1.7,3.3,3.6,2.1,3.8,3.7,4.2,2,4.1,4.2,2.7,2.5,3,2.1,4.6,2.2,2.7,,,,,,,,,,,,,,,,,,,,,,,,,,,,,,,,,,,,,,,,,,,,,,,,,,,,,,,,,,,,,,,,,,,,,,,,,,,,,,,,,,,,,,,,,,,,,,,,,,,,,,,,,,,,,,,,,,,,,,
2012-08,3.3,4.6,2.2,2.9,4,2.6,2.3,3.2,3.9,3,3.4,4.5,1.8,2.8,3.1,3.7,2.3,2.9,3.5,5,3.1,3.6,2.8,3.6,2.3,6.2,3.5,2,2.4,3,3.2,3.1,3.3,3.2,3.9,1.5,3.3,3.5,2,3.8,3.5,4.1,1.9,4.2,4.2,2.6,2.2,2.9,2.1,4.5,2.3,2.4,,,,,,,,,,,,,,,,,,,,,,,,,,,,,,,,,,,,,,,,,,,,,,,,,,,,,,,,,,,,,,,,,,,,,,,,,,,,,,,,,,,,,,,,,,,,,,,,,,,,,,,,,,,,,,,,,,,,,,
2012-09,3.3,4.5,2.2,3,4.2,2.6,2.2,3.3,4.1,2.7,3.4,4.6,1.8,2.9,3.2,3.9,2.4,2.9,3.4,5,3,3.6,2.8,3.6,2.2,6.3,3.5,2,2.4,3.1,3.3,3.2,3.2,3.2,4.2,1.3,3.4,3.7,2,3.8,3.4,4.4,1.8,4.3,4.3,2.7,2.1,3,2.2,4.3,2.3,2.8,,,,,,,,,,,,,,,,,,,,,,,,,,,,,,,,,,,,,,,,,,,,,,,,,,,,,,,,,,,,,,,,,,,,,,,,,,,,,,,,,,,,,,,,,,,,,,,,,,,,,,,,,,,,,,,,,,,,,,
2012-10,3.4,4.7,2.2,3.1,4.3,2.7,2.3,3.2,4.1,2.5,3.5,4.7,2,2.8,3.2,4,2.6,2.9,3.5,4.7,3.1,3.7,3,3.6,2.2,6.5,3.6,1.9,2.4,3.1,3.4,3.2,3.2,3.3,4.2,1.5,3.4,3.7,2,3.9,3.3,4.4,1.8,4.4,4.4,2.6,2.3,3.1,2,4.5,2.4,2.3,,,,,,,,,,,,,,,,,,,,,,,,,,,,,,,,,,,,,,,,,,,,,,,,,,,,,,,,,,,,,,,,,,,,,,,,,,,,,,,,,,,,,,,,,,,,,,,,,,,,,,,,,,,,,,,,,,,,,,
2012-11,3.2,4.8,2,3,4,2.6,2.1,2.8,3.6,2.3,3.4,4.5,1.8,2.5,3,3.7,2.4,2.8,3.4,4.6,3.2,3.4,2.6,3.4,2,6.3,3.5,1.7,2.4,3,3.2,2.8,3,3,4.1,1.6,3.3,3.5,1.9,3.7,2.9,4.2,2.3,4.2,4.2,2.5,2.2,2.9,1.9,4.3,2.1,2.6,,,,,,,,,,,,,,,,,,,,,,,,,,,,,,,,,,,,,,,,,,,,,,,,,,,,,,,,,,,,,,,,,,,,,,,,,,,,,,,,,,,,,,,,,,,,,,,,,,,,,,,,,,,,,,,,,,,,,,
2012-12,3.4,4.9,2.2,3,4.3,2.6,2.2,3.1,3.8,2.5,3.6,4.7,2.1,2.7,3.2,3.9,2.5,3,3.6,5,3.3,3.7,3,3.6,2.2,6.5,3.7,2,2.4,2.9,3.3,2.8,3.3,3.2,4.2,1.6,3.5,3.7,2.1,4.1,3.3,4.4,1.8,4.4,4.5,2.7,2.5,3,2,4.7,2.3,2.5,,,,,,,,,,,,,,,,,,,,,,,,,,,,,,,,,,,,,,,,,,,,,,,,,,,,,,,,,,,,,,,,,,,,,,,,,,,,,,,,,,,,,,,,,,,,,,,,,,,,,,,,,,,,,,,,,,,,,,
2013-01,3.4,4.8,2.3,3,4.5,2.6,2.2,3.1,4.2,2.9,3.5,4.8,2.1,2.7,3.2,4,2.6,2.9,3.6,5,3.3,3.8,2.9,3.6,2.2,6.6,3.7,2,2.5,2.8,3.6,2.7,3.4,3.1,4.3,1.8,3.5,3.7,2.2,4.1,3.4,4.6,1.8,4.3,4.4,2.6,2.4,3,2.1,4.9,2.2,2.5,,,,,,,,,,,,,,,,,,,,,,,,,,,,,,,,,,,,,,,,,,,,,,,,,,,,,,,,,,,,,,,,,,,,,,,,,,,,,,,,,,,,,,,,,,,,,,,,,,,,,,,,,,,,,,,,,,,,,,
2013-02,3.1,4.6,2.2,2.7,3.8,2.4,2,2.9,3.8,2.6,3.2,4.4,1.9,2.4,2.8,3.5,2.3,2.7,3.1,4.5,3.2,3.5,2.6,3.3,2,6,3.4,2,2.2,2.5,3.2,2.5,3.1,2.8,3.9,1.4,3.2,3.2,2,3.7,3.3,4.2,1.7,4,4.1,2.4,2.3,2.8,1.9,4.4,2,2.3,,,,,,,,,,,,,,,,,,,,,,,,,,,,,,,,,,,,,,,,,,,,,,,,,,,,,,,,,,,,,,,,,,,,,,,,,,,,,,,,,,,,,,,,,,,,,,,,,,,,,,,,,,,,,,,,,,,,,,
2013-03,2.9,4.2,1.9,2.5,3.3,2.4,2,3,3.6,2.7,3.1,4.2,1.9,2.3,2.6,3.2,2.2,2.6,2.8,4,2.9,3.4,2.7,3.1,2,5.2,3.3,1.9,2.3,2.4,3,2.7,2.9,2.8,3.6,1.3,2.9,3.3,1.8,3.6,3.3,3.8,1.7,3.7,3.8,2.3,2.3,2.7,1.8,4,1.9,2.5,,,,,,,,,,,,,,,,,,,,,,,,,,,,,,,,,,,,,,,,,,,,,,,,,,,,,,,,,,,,,,,,,,,,,,,,,,,,,,,,,,,,,,,,,,,,,,,,,,,,,,,,,,,,,,,,,,,,,,
2013-04,2.7,3.9,1.9,2.3,3.1,2.1,1.7,2.8,3.4,2.5,2.8,3.8,1.6,2.2,2.5,3,2,2.5,2.8,3.9,2.8,3.1,2.4,2.9,1.9,5.1,3.1,1.6,2.1,2.3,2.9,2.6,2.6,2.6,3.5,1.4,2.6,3,1.7,3.4,2.8,3.6,1.7,3.7,3.5,2.1,2.3,2.6,1.7,3.8,1.7,2.2,,,,,,,,,,,,,,,,,,,,,,,,,,,,,,,,,,,,,,,,,,,,,,,,,,,,,,,,,,,,,,,,,,,,,,,,,,,,,,,,,,,,,,,,,,,,,,,,,,,,,,,,,,,,,,,,,,,,,,
2013-05,2.7,3.7,1.9,2.2,3.3,2,1.7,2.8,3.3,2.6,2.8,3.6,1.5,2.3,2.5,3.1,2,2.5,2.9,4,2.8,3.1,2.5,2.9,1.9,5.3,3.1,1.6,2,2.2,2.6,2.6,2.7,2.7,3.4,1.7,2.8,2.9,1.7,3.4,3,3.4,1.7,3.7,3.5,2.1,2.1,2.4,1.6,4.1,1.8,2.4,,,,,,,,,,,,,,,,,,,,,,,,,,,,,,,,,,,,,,,,,,,,,,,,,,,,,,,,,,,,,,,,,,,,,,,,,,,,,,,,,,,,,,,,,,,,,,,,,,,,,,,,,,,,,,,,,,,,,,
2013-06,2.7,3.8,1.9,2.2,3.3,2,1.8,2.7,3.4,2.6,2.8,3.6,1.5,2.2,2.5,3.2,2.1,2.5,2.9,4.1,2.9,3.1,2.4,3,2,5.2,3.2,1.9,2.1,2.2,2.8,2.6,2.7,2.7,3.5,1.4,2.9,2.8,1.5,3.5,2.9,3.6,1.4,3.7,3.6,2.1,2.1,2.5,1.6,4.3,1.9,2.6,,,,,,,,,,,,,,,,,,,,,,,,,,,,,,,,,,,,,,,,,,,,,,,,,,,,,,,,,,,,,,,,,,,,,,,,,,,,,,,,,,,,,,,,,,,,,,,,,,,,,,,,,,,,,,,,,,,,,,
2013-07,2.8,4.1,1.9,2.3,3.4,2,1.9,2.7,3.5,2.5,2.8,3.7,1.5,2.2,2.6,3.2,2.3,2.5,2.9,4.2,2.8,3.1,2.6,3,2.1,5.6,3.1,2,2.2,2.1,2.6,2.7,2.9,2.8,3.5,1.2,3,2.8,1.5,3.5,3,3.7,1.8,3.8,3.6,2.1,2.2,2.6,1.6,4.3,2,2.6,,,,,,,,,,,,,,,,,,,,,,,,,,,,,,,,,,,,,,,,,,,,,,,,,,,,,,,,,,,,,,,,,,,,,,,,,,,,,,,,,,,,,,,,,,,,,,,,,,,,,,,,,,,,,,,,,,,,,,
2013-08,2.8,4.1,1.9,2.3,3.6,2,1.8,2.8,3.6,2.4,2.9,3.8,1.6,2.4,2.6,3.3,2.2,2.4,3.1,4.2,2.8,3.1,2.6,3,2,5.6,3.2,2.1,2.3,2.2,2.7,2.7,2.7,2.9,3.6,1.2,3,2.9,1.6,3.5,3.1,3.7,1.8,3.8,3.7,2.2,2.4,2.6,1.7,4.4,2,2.3,,,,,,,,,,,,,,,,,,,,,,,,,,,,,,,,,,,,,,,,,,,,,,,,,,,,,,,,,,,,,,,,,,,,,,,,,,,,,,,,,,,,,,,,,,,,,,,,,,,,,,,,,,,,,,,,,,,,,,
2013-09,2.6,3.7,2.1,2.1,3.5,1.8,1.6,2.5,2.9,2.2,2.5,3.4,1.3,2.1,2.4,3.1,1.8,2.3,2.8,3.9,2.7,2.8,2.2,2.7,1.7,5.2,3,1.9,2,1.9,2.3,2.5,2.4,2.6,3.4,1,2.7,2.9,1.4,3.3,2.8,3.6,1.6,3.3,3.4,1.9,2,2.3,1.6,4,1.7,2.2,,,,,,,,,,,,,,,,,,,,,,,,,,,,,,,,,,,,,,,,,,,,,,,,,,,,,,,,,,,,,,,,,,,,,,,,,,,,,,,,,,,,,,,,,,,,,,,,,,,,,,,,,,,,,,,,,,,,,,
2013-10,2.8,4,2,2.3,3.5,1.9,1.6,2.8,3.2,2.2,2.8,3.8,1.6,2.2,2.6,3.3,2.1,2.4,3,4.3,2.8,3,2.6,3,1.9,5.7,3.2,1.9,2.3,2.2,2.9,2.7,2.9,2.9,3.6,1.1,3,3,1.6,3.5,3,3.7,1.7,3.7,3.7,2.2,2,2.6,1.6,4.3,1.9,2.5,,,,,,,,,,,,,,,,,,,,,,,,,,,,,,,,,,,,,,,,,,,,,,,,,,,,,,,,,,,,,,,,,,,,,,,,,,,,,,,,,,,,,,,,,,,,,,,,,,,,,,,,,,,,,,,,,,,,,,
2013-11,2.6,3.8,1.7,2.2,3.6,1.8,1.5,2.6,3,2.1,2.6,3.5,1.6,2,2.4,3,2,2.4,2.9,4.1,2.7,2.8,2.2,2.8,1.8,5.3,3,1.9,2,2,2.4,2.5,2.7,2.6,3.4,1.1,2.8,3,1.4,3.3,2.9,3.6,1.6,3.4,3.4,2.1,1.8,2.4,1.4,4,1.8,2.3,,,,,,,,,,,,,,,,,,,,,,,,,,,,,,,,,,,,,,,,,,,,,,,,,,,,,,,,,,,,,,,,,,,,,,,,,,,,,,,,,,,,,,,,,,,,,,,,,,,,,,,,,,,,,,,,,,,,,,
2013-12,2.9,4.1,2.1,2.4,3.6,2,1.8,3,3.2,2.3,3,3.8,1.6,2.2,2.6,3.4,2.3,2.5,3.2,4.6,2.9,3.2,2.6,3.1,1.9,5.7,3.2,2,2.2,2.2,2.8,2.8,3,3,3.7,1.2,3,3.3,1.5,3.7,3.3,3.9,1.8,3.7,3.8,2.2,2.2,2.6,1.6,4.3,1.9,2.1,,,,,,,,,,,,,,,,,,,,,,,,,,,,,,,,,,,,,,,,,,,,,,,,,,,,,,,,,,,,,,,,,,,,,,,,,,,,,,,,,,,,,,,,,,,,,,,,,,,,,,,,,,,,,,,,,,,,,,
2014-01,2.9,4.3,2.1,2.4,3.7,2,1.8,2.9,3.4,2.2,3,4,1.6,2.2,2.6,3.3,2.4,2.5,3.1,4.6,3.2,3.2,2.7,3.1,1.9,5.7,3.2,1.9,2,2.2,3,2.8,2.9,3,3.7,1.1,3,3.4,1.4,3.8,3.3,3.9,1.9,3.9,3.8,2.1,2.4,2.6,1.6,4.6,2,2.5,,,,,,,,,,,,,,,,,,,,,,,,,,,,,,,,,,,,,,,,,,,,,,,,,,,,,,,,,,,,,,,,,,,,,,,,,,,,,,,,,,,,,,,,,,,,,,,,,,,,,,,,,,,,,,,,,,,,,,
2014-02,2.4,3.7,1.7,1.9,3.1,1.6,1.4,2.3,2.9,1.9,2.4,3.3,1.4,1.8,2.1,2.7,1.9,2.2,2.6,3.7,2.6,2.7,2,2.5,1.7,4.9,2.7,1.8,1.8,1.8,2.2,2.4,2.4,2.6,3.2,1.1,2.5,2.8,1.2,3,2.7,3.3,1.5,3.3,3.1,1.8,1.8,2.2,1.4,3.6,1.6,2,,,,,,,,,,,,,,,,,,,,,,,,,,,,,,,,,,,,,,,,,,,,,,,,,,,,,,,,,,,,,,,,,,,,,,,,,,,,,,,,,,,,,,,,,,,,,,,,,,,,,,,,,,,,,,,,,,,,,,
2014-03,2.4,3.5,1.8,2,2.9,1.8,1.6,2.5,2.7,2,2.5,3.2,1.5,1.9,2.1,2.7,1.8,2.2,2.5,3.6,2.5,2.7,2.2,2.5,1.6,4.4,2.5,1.7,1.6,1.9,2.4,2.5,2.5,2.6,3,0.9,2.5,2.8,1.3,3,3,3.1,1.3,3,3.1,1.7,1.9,2.3,1.4,3.2,1.6,2,,,,,,,,,,,,,,,,,,,,,,,,,,,,,,,,,,,,,,,,,,,,,,,,,,,,,,,,,,,,,,,,,,,,,,,,,,,,,,,,,,,,,,,,,,,,,,,,,,,,,,,,,,,,,,,,,,,,,,
2014-04,2.1,3.1,1.6,1.7,2.6,1.5,1.3,2.2,2.4,1.6,2.1,2.9,1.2,1.7,1.9,2.5,1.6,2,2.4,3.3,2.2,2.3,1.9,2.2,1.4,4.4,2.2,1.6,1.5,1.7,2.2,2.1,2.3,2.3,2.7,0.9,2.1,2.5,1.1,2.7,2.2,2.8,1.6,2.9,2.7,1.5,1.8,1.9,1.3,3.1,1.4,1.8,,,,,,,,,,,,,,,,,,,,,,,,,,,,,,,,,,,,,,,,,,,,,,,,,,,,,,,,,,,,,,,,,,,,,,,,,,,,,,,,,,,,,,,,,,,,,,,,,,,,,,,,,,,,,,,,,,,,,,
2014-05,2.4,3.3,1.7,1.9,2.9,1.7,1.5,2.5,2.8,1.7,2.5,3.1,1.4,1.8,2.2,2.8,1.8,2.2,2.7,3.7,2.2,2.6,2.2,2.5,1.6,4.8,2.6,1.5,1.7,1.7,2.6,2.4,2.4,2.4,3.1,0.9,2.4,2.8,1.2,3.1,2.8,3.3,1.4,3.1,3.1,1.7,1.9,2.2,1.4,3.7,1.6,2.2,,,,,,,,,,,,,,,,,,,,,,,,,,,,,,,,,,,,,,,,,,,,,,,,,,,,,,,,,,,,,,,,,,,,,,,,,,,,,,,,,,,,,,,,,,,,,,,,,,,,,,,,,,,,,,,,,,,,,,
2014-06,2.1,3.1,1.6,1.6,2.7,1.4,1.4,2.2,2.3,1.6,2.1,2.8,1.1,1.6,2,2.6,1.7,2,2.5,3.4,2.1,2.3,1.9,2.2,1.5,4.4,2.4,1.5,1.7,1.6,2,2.2,2.1,2.2,2.8,0.8,2.3,2.5,1.1,2.8,2.4,2.8,1.3,2.9,2.7,1.5,1.7,2,1.2,3.7,1.5,2.2,,,,,,,,,,,,,,,,,,,,,,,,,,,,,,,,,,,,,,,,,,,,,,,,,,,,,,,,,,,,,,,,,,,,,,,,,,,,,,,,,,,,,,,,,,,,,,,,,,,,,,,,,,,,,,,,,,,,,,
2014-07,2.4,3.5,2,1.9,2.9,1.6,1.5,2.6,2.6,1.9,2.5,3.2,1.3,1.8,2.3,3,1.9,2.3,2.7,3.8,2.4,2.7,2.1,2.6,1.6,5,2.6,1.8,1.8,1.9,2.4,2.4,2.5,2.5,3.1,1.1,2.6,2.8,1.3,3.2,2.7,3.4,1.6,3.4,3.2,1.8,1.7,2.3,1.4,3.7,1.7,2.2,,,,,,,,,,,,,,,,,,,,,,,,,,,,,,,,,,,,,,,,,,,,,,,,,,,,,,,,,,,,,,,,,,,,,,,,,,,,,,,,,,,,,,,,,,,,,,,,,,,,,,,,,,,,,,,,,,,,,,
2014-08,2.6,3.8,1.9,2.2,3.3,1.8,1.6,2.7,3,2,2.7,3.4,1.4,2,2.4,3.1,2.1,2.3,2.8,4.1,2.5,3,2.3,2.7,1.8,5.2,2.8,1.7,1.8,2,2.5,2.6,2.5,2.7,3.3,1.1,2.8,3,1.4,3.3,3.2,3.4,1.6,3.6,3.4,2,1.9,2.3,1.4,3.6,1.8,2.3,,,,,,,,,,,,,,,,,,,,,,,,,,,,,,,,,,,,,,,,,,,,,,,,,,,,,,,,,,,,,,,,,,,,,,,,,,,,,,,,,,,,,,,,,,,,,,,,,,,,,,,,,,,,,,,,,,,,,,
2014-09,2.4,3.3,1.7,1.9,3,1.6,1.4,2.5,2.7,1.7,2.4,3,1.3,1.9,2.2,2.9,1.7,2.1,2.6,3.7,2.4,2.7,2,2.4,1.6,4.6,2.6,1.6,1.7,1.8,2.3,2.4,2.3,2.5,3.1,1.3,2.6,2.6,1.2,3,2.9,3.3,1.5,3.1,3.2,1.7,1.9,2.1,1.3,3.5,1.6,2.2,,,,,,,,,,,,,,,,,,,,,,,,,,,,,,,,,,,,,,,,,,,,,,,,,,,,,,,,,,,,,,,,,,,,,,,,,,,,,,,,,,,,,,,,,,,,,,,,,,,,,,,,,,,,,,,,,,,,,,
2014-10,2.4,3.5,1.4,1.9,3,1.6,1.5,2.6,2.8,1.9,2.5,3.2,1.3,1.9,2.3,3,1.9,2.2,2.6,3.9,2.5,2.8,2.1,2.5,1.5,5,2.7,1.4,1.9,1.9,2.5,2.5,2.6,2.6,3.2,1,2.5,2.8,1.2,3.1,2.7,3.5,1.4,3.3,3.3,1.9,1.8,2.3,1.3,3.5,1.7,2.2,,,,,,,,,,,,,,,,,,,,,,,,,,,,,,,,,,,,,,,,,,,,,,,,,,,,,,,,,,,,,,,,,,,,,,,,,,,,,,,,,,,,,,,,,,,,,,,,,,,,,,,,,,,,,,,,,,,,,,
2014-11,2.4,3.4,1.3,1.9,3.2,1.6,1.4,2.6,2.7,2,2.5,3.1,1.2,1.9,2.2,2.9,1.9,2.4,2.6,3.7,2.7,2.7,2,2.3,1.6,5.1,2.8,1.4,1.7,1.7,2.2,2.4,2.2,2.5,3.2,0.9,2.6,2.9,1.2,3,2.5,3.3,1.5,3.3,3.3,1.9,1.8,2.3,1.3,3.6,1.6,2.5,,,,,,,,,,,,,,,,,,,,,,,,,,,,,,,,,,,,,,,,,,,,,,,,,,,,,,,,,,,,,,,,,,,,,,,,,,,,,,,,,,,,,,,,,,,,,,,,,,,,,,,,,,,,,,,,,,,,,,
2014-12,2.6,3.8,1.7,2.1,3.2,1.7,1.5,2.7,2.6,2.1,2.7,3.5,1.4,2.1,2.3,3.1,2.1,2.4,2.9,4.1,2.8,2.9,2.3,2.6,1.8,5.2,2.9,1.6,1.7,2,2.5,2.6,2.6,2.7,3.3,1,2.7,3,1.4,3.4,2.9,3.6,1.5,3.5,3.5,2.1,2.1,2.3,1.4,3.8,1.7,2.4,,,,,,,,,,,,,,,,,,,,,,,,,,,,,,,,,,,,,,,,,,,,,,,,,,,,,,,,,,,,,,,,,,,,,,,,,,,,,,,,,,,,,,,,,,,,,,,,,,,,,,,,,,,,,,,,,,,,,,
2015-01,2.6,3.7,1.6,2.1,3.4,1.8,1.5,2.9,3.1,2,2.8,3.5,1.3,2.2,2.4,3,2.1,2.5,2.9,4.2,3.1,3,2.5,2.7,1.8,5.4,3,1.6,2,2,2.7,2.7,2.6,2.7,3.3,1.2,2.8,3,1.4,3.4,3.1,3.6,1.5,3.5,3.5,2.1,2.5,2.4,1.5,3.9,1.7,2.3,,,,,,,,,,,,,,,,,,,,,,,,,,,,,,,,,,,,,,,,,,,,,,,,,,,,,,,,,,,,,,,,,,,,,,,,,,,,,,,,,,,,,,,,,,,,,,,,,,,,,,,,,,,,,,,,,,,,,,
2015-02,2.2,3,1.6,1.6,2.6,1.5,1.2,2.6,2.4,1.7,2.3,2.9,1.1,1.7,2,2.4,1.6,2,2.4,3.5,2.7,2.5,2,2.2,1.4,4.5,2.3,1.5,1.6,1.6,2.2,2.3,2.1,2.4,2.8,1,2.3,2.5,1.1,2.8,2.7,3.1,1.3,2.9,2.8,1.7,1.9,2,1.2,3.2,1.4,1.9,,,,,,,,,,,,,,,,,,,,,,,,,,,,,,,,,,,,,,,,,,,,,,,,,,,,,,,,,,,,,,,,,,,,,,,,,,,,,,,,,,,,,,,,,,,,,,,,,,,,,,,,,,,,,,,,,,,,,,
2015-03,2,2.9,1.4,1.6,2.6,1.5,1.2,2.3,2.3,1.8,2.1,2.7,1.1,1.6,1.8,2.2,1.4,1.8,2.3,3.2,2.5,2.3,1.9,2.1,1.3,3.8,2.2,1.3,1.4,1.6,1.9,2.2,2.1,2.2,2.6,0.8,2.1,2.4,1.2,2.6,2.5,2.9,1.1,2.8,2.7,1.5,1.7,2,1.1,2.8,1.3,1.9,,,,,,,,,,,,,,,,,,,,,,,,,,,,,,,,,,,,,,,,,,,,,,,,,,,,,,,,,,,,,,,,,,,,,,,,,,,,,,,,,,,,,,,,,,,,,,,,,,,,,,,,,,,,,,,,,,,,,,
2015-04,2,2.9,1.5,1.6,2.6,1.4,1.1,2.2,2.2,1.7,2,2.6,1.2,1.6,1.8,2.2,1.5,1.8,2.2,3.1,2.2,2.2,1.7,2.1,1.3,4.2,2.1,1.4,1.4,1.4,1.8,2.1,1.8,2.1,2.6,0.9,2.1,2.3,1,2.5,2.4,2.9,1.3,2.6,2.6,1.4,1.5,1.9,1.1,2.8,1.2,2.1,,,,,,,,,,,,,,,,,,,,,,,,,,,,,,,,,,,,,,,,,,,,,,,,,,,,,,,,,,,,,,,,,,,,,,,,,,,,,,,,,,,,,,,,,,,,,,,,,,,,,,,,,,,,,,,,,,,,,,
2015-05,2.1,3.2,1.6,1.7,2.8,1.5,1.3,2.2,2.5,1.5,2.1,2.8,1.1,1.6,1.9,2.4,1.7,1.8,2.4,3.3,2.4,2.3,1.9,2.2,1.4,4.3,2.3,1.5,1.5,1.5,1.8,2.2,2.2,2.2,2.7,1.2,2.2,2.4,1.1,2.7,2.3,3,1.4,2.7,2.7,1.6,1.8,2,1.2,3,1.3,2,,,,,,,,,,,,,,,,,,,,,,,,,,,,,,,,,,,,,,,,,,,,,,,,,,,,,,,,,,,,,,,,,,,,,,,,,,,,,,,,,,,,,,,,,,,,,,,,,,,,,,,,,,,,,,,,,,,,,,
2015-06,2.1,3.1,1.3,1.6,2.6,1.4,1.2,2.2,2.2,1.6,2,2.7,1.2,1.6,1.8,2.4,1.5,1.9,2.3,3.3,2.3,2.3,1.8,2.2,1.4,4.2,2.4,1.4,1.4,1.4,1.8,2.1,2.2,2.2,2.6,1.1,2.3,2.3,1,2.7,2.1,3.1,1.6,2.8,2.6,1.7,1.7,2,1.2,2.9,1.3,2.1,,,,,,,,,,,,,,,,,,,,,,,,,,,,,,,,,,,,,,,,,,,,,,,,,,,,,,,,,,,,,,,,,,,,,,,,,,,,,,,,,,,,,,,,,,,,,,,,,,,,,,,,,,,,,,,,,,,,,,
2015-07,2.2,3.3,1.6,1.7,2.6,1.5,1.4,2.2,2.3,1.9,2.2,2.8,1.1,1.5,2,2.6,1.7,1.8,2.4,3.4,2.6,2.4,1.9,2.2,1.6,4.3,2.4,1.5,1.6,1.5,2,2.2,2.3,2.3,2.6,1.2,2.4,2.3,1.2,2.7,2.3,3.1,1.6,2.9,2.7,1.7,1.9,2.1,1.3,3.4,1.4,2.5,,,,,,,,,,,,,,,,,,,,,,,,,,,,,,,,,,,,,,,,,,,,,,,,,,,,,,,,,,,,,,,,,,,,,,,,,,,,,,,,,,,,,,,,,,,,,,,,,,,,,,,,,,,,,,,,,,,,,,
2015-08,2.4,3.6,1.8,2,3,1.6,1.4,2.5,2.5,2,2.5,3.1,1.3,1.7,2.2,2.8,1.8,2,2.6,3.9,2.8,2.6,2.1,2.5,1.6,5,2.6,1.6,1.7,1.8,2.2,2.4,2.3,2.5,2.9,1.3,2.6,2.6,1.2,3,2.6,3.3,1.5,3.2,2.9,1.8,2,2.2,1.3,3.5,1.5,2.5,,,,,,,,,,,,,,,,,,,,,,,,,,,,,,,,,,,,,,,,,,,,,,,,,,,,,,,,,,,,,,,,,,,,,,,,,,,,,,,,,,,,,,,,,,,,,,,,,,,,,,,,,,,,,,,,,,,,,,
2015-09,2.3,3.3,1.5,1.9,2.9,1.5,1.3,2.4,2.6,1.7,2.3,3,1.3,1.6,2.2,2.6,1.6,2,2.5,3.7,2.5,2.6,1.8,2.4,1.4,4.9,2.5,1.5,1.5,1.7,2,2.3,2.3,2.4,2.8,1.4,2.5,2.6,1.2,2.9,2.3,3.3,1.7,3,3,1.8,1.9,2.1,1.2,3.4,1.4,2.5,,,,,,,,,,,,,,,,,,,,,,,,,,,,,,,,,,,,,,,,,,,,,,,,,,,,,,,,,,,,,,,,,,,,,,,,,,,,,,,,,,,,,,,,,,,,,,,,,,,,,,,,,,,,,,,,,,,,,,
2015-10,2.4,3.5,1.4,2,3,1.5,1.4,2.6,2.8,1.8,2.4,3.1,1.2,1.7,2.2,2.8,1.8,2,2.5,4,2.5,2.7,2.1,2.4,1.5,5,2.6,1.5,1.7,1.7,2.1,2.4,2.5,2.5,3,1.1,2.5,2.7,1.2,3.1,2.4,3.3,1.3,3.2,3.2,2,2,2.2,1.2,3.6,1.5,2.5,,,,,,,,,,,,,,,,,,,,,,,,,,,,,,,,,,,,,,,,,,,,,,,,,,,,,,,,,,,,,,,,,,,,,,,,,,,,,,,,,,,,,,,,,,,,,,,,,,,,,,,,,,,,,,,,,,,,,,
2015-11,2.2,3.2,1.2,1.8,2.8,1.4,1.3,2.5,2.5,1.9,2.3,3,1.2,1.8,2,2.6,1.6,2,2.4,3.8,2.6,2.6,1.9,2.2,1.4,5,2.6,1.5,1.5,1.6,1.8,2.3,2.3,2.4,2.8,1,2.5,2.8,1.1,2.9,2.2,2.8,1.2,2.9,3,1.8,2,2.1,1.1,3.7,1.4,2.4,,,,,,,,,,,,,,,,,,,,,,,,,,,,,,,,,,,,,,,,,,,,,,,,,,,,,,,,,,,,,,,,,,,,,,,,,,,,,,,,,,,,,,,,,,,,,,,,,,,,,,,,,,,,,,,,,,,,,,
2015-12,2.4,3.6,1.6,2,3.1,1.5,1.4,2.6,2.9,2,2.5,3.3,1.2,1.9,2.2,2.8,1.9,2,2.6,4.2,2.8,2.8,2.1,2.4,1.5,5.1,2.6,1.7,1.6,1.6,2.2,2.4,2.6,2.5,3.1,1.2,2.6,2.9,1.2,3.2,2.4,3.1,1.4,3.2,3.2,1.9,2.1,2.2,1.2,4.1,1.5,2.2,,,,,,,,,,,,,,,,,,,,,,,,,,,,,,,,,,,,,,,,,,,,,,,,,,,,,,,,,,,,,,,,,,,,,,,,,,,,,,,,,,,,,,,,,,,,,,,,,,,,,,,,,,,,,,,,,,,,,,
2016-01,2.6,3.8,1.9,2.2,3.2,1.7,1.5,2.8,3.1,1.9,2.7,3.5,1.4,2.2,2.3,3,2,2.2,2.7,4.2,2.8,2.9,2.3,2.6,1.6,5.2,2.8,1.9,1.7,1.8,2.2,2.5,2.9,2.7,3.3,1.2,2.7,3.2,1.3,3.4,2.8,3.4,1.5,3.4,3.4,2.1,2.1,2.4,1.4,4.1,1.6,2.7,,,,,,,,,,,,,,,,,,,,,,,,,,,,,,,,,,,,,,,,,,,,,,,,,,,,,,,,,,,,,,,,,,,,,,,,,,,,,,,,,,,,,,,,,,,,,,,,,,,,,,,,,,,,,,,,,,,,,,
2016-02,2.2,3.1,1.5,1.9,2.6,1.5,1.3,2.3,2.7,1.7,2.2,2.9,1.1,1.8,2,2.5,1.6,1.8,2.4,3.8,2.4,2.6,1.9,2.2,1.4,4.5,2.3,1.5,1.4,1.6,1.8,2.2,2.3,2.4,2.8,1.2,2.3,2.7,1.1,2.9,2.2,3.1,1.4,2.9,2.9,1.7,1.8,2.1,1.1,3.6,1.4,2.4,,,,,,,,,,,,,,,,,,,,,,,,,,,,,,,,,,,,,,,,,,,,,,,,,,,,,,,,,,,,,,,,,,,,,,,,,,,,,,,,,,,,,,,,,,,,,,,,,,,,,,,,,,,,,,,,,,,,,,
2016-03,2,2.8,1.5,1.7,2.4,1.3,1.2,2.2,2.4,1.4,2,2.6,1,1.6,1.8,2.1,1.3,1.5,2,3.4,2.2,2.2,1.8,1.9,1.3,3.8,2,1.6,1.3,1.5,1.7,2.1,2.2,2.1,2.5,1,2,2.5,1,2.5,2,2.8,1.2,2.5,2.6,1.5,1.4,1.8,1,3.1,1.2,2.1,,,,,,,,,,,,,,,,,,,,,,,,,,,,,,,,,,,,,,,,,,,,,,,,,,,,,,,,,,,,,,,,,,,,,,,,,,,,,,,,,,,,,,,,,,,,,,,,,,,,,,,,,,,,,,,,,,,,,,
2016-04,1.8,2.7,1.3,1.6,2.2,1.3,1.1,2,2.2,1,1.8,2.4,0.9,1.6,1.7,2.1,1.3,1.4,2,3.1,2.1,2.1,1.6,1.8,1.2,3.7,2,1.5,1.3,1.4,1.6,1.9,1.9,2,2.3,1.1,1.9,2.4,0.9,2.4,1.8,2.6,1,2.4,2.5,1.5,1.3,1.7,0.9,2.9,1.2,2.2,,,,,,,,,,,,,,,,,,,,,,,,,,,,,,,,,,,,,,,,,,,,,,,,,,,,,,,,,,,,,,,,,,,,,,,,,,,,,,,,,,,,,,,,,,,,,,,,,,,,,,,,,,,,,,,,,,,,,,
2016-05,2,2.9,1.4,1.6,2.6,1.4,1.1,2.2,2.3,1.2,2,2.6,1,1.7,1.8,2.3,1.5,1.7,2.3,3.4,2.1,2.2,1.8,2,1.3,4.2,2.2,1.5,1.4,1.5,1.8,2,2,2.1,2.5,1.1,2.2,2.5,1,2.6,2.2,2.8,1.3,2.6,2.6,1.6,1.7,1.8,1,3.5,1.3,2,,,,,,,,,,,,,,,,,,,,,,,,,,,,,,,,,,,,,,,,,,,,,,,,,,,,,,,,,,,,,,,,,,,,,,,,,,,,,,,,,,,,,,,,,,,,,,,,,,,,,,,,,,,,,,,,,,,,,,
2016-06,2,2.9,1.3,1.6,2.5,1.3,1.2,2.1,2.5,1.3,2,2.6,1.1,1.7,1.8,2.3,1.5,1.7,2.2,3.4,2.2,2.3,1.7,2.1,1.3,4.2,2.3,1.5,1.3,1.4,1.6,2,2.1,2,2.5,1.3,2.2,2.7,1,2.6,2.1,2.9,1.3,2.5,2.8,1.7,1.7,1.9,1,3.6,1.2,2.2,,,,,,,,,,,,,,,,,,,,,,,,,,,,,,,,,,,,,,,,,,,,,,,,,,,,,,,,,,,,,,,,,,,,,,,,,,,,,,,,,,,,,,,,,,,,,,,,,,,,,,,,,,,,,,,,,,,,,,
2016-07,2.2,3.3,1.7,1.8,2.7,1.4,1.3,2.4,2.5,1.8,2.2,2.8,1.1,2.1,2,2.5,1.7,1.7,2.5,3.8,2.3,2.6,1.9,2.2,1.5,4.5,2.3,1.8,1.8,1.5,1.9,2.2,2.2,2.3,2.8,1.4,2.4,2.9,1.1,2.9,2.2,3.1,1.6,2.7,2.9,1.7,1.7,2.1,1.2,3.8,1.4,2.1,,,,,,,,,,,,,,,,,,,,,,,,,,,,,,,,,,,,,,,,,,,,,,,,,,,,,,,,,,,,,,,,,,,,,,,,,,,,,,,,,,,,,,,,,,,,,,,,,,,,,,,,,,,,,,,,,,,,,,
2016-08,2.2,3.4,1.6,1.9,2.8,1.4,1.3,2.4,2.4,1.8,2.2,3,1.3,1.9,2,2.7,1.8,1.9,2.5,3.9,2.4,2.6,2,2.2,1.5,4.8,2.4,1.8,1.6,1.6,1.9,2.3,2.3,2.4,2.8,1.3,2.4,2.9,1.1,3,2.6,3.2,1.7,2.8,2.9,1.7,1.8,2.1,1.1,3.8,1.5,2.2,,,,,,,,,,,,,,,,,,,,,,,,,,,,,,,,,,,,,,,,,,,,,,,,,,,,,,,,,,,,,,,,,,,,,,,,,,,,,,,,,,,,,,,,,,,,,,,,,,,,,,,,,,,,,,,,,,,,,,
2016-09,2.2,3.1,1.7,1.7,2.8,1.3,1.3,2.3,2.7,1.7,2.2,2.8,1.2,1.7,2.1,2.5,1.7,1.8,2.4,3.5,2.3,2.6,1.8,2.1,1.4,4.4,2.2,1.7,1.5,1.5,1.9,2.3,2.2,2.3,2.7,1.4,2.3,2.8,0.9,2.8,2.3,3.2,1.8,2.8,2.9,1.7,1.6,2,1.1,3.5,1.4,2.6,,,,,,,,,,,,,,,,,,,,,,,,,,,,,,,,,,,,,,,,,,,,,,,,,,,,,,,,,,,,,,,,,,,,,,,,,,,,,,,,,,,,,,,,,,,,,,,,,,,,,,,,,,,,,,,,,,,,,,
2016-10,2.2,3.5,1.6,1.9,3,1.4,1.3,2.5,2.5,1.4,2.2,2.9,1.1,1.7,2.1,2.7,1.9,2,2.5,3.6,2.3,2.5,1.9,2.2,1.4,4.9,2.4,1.6,1.4,1.6,1.8,2.3,2.3,2.4,2.8,1.4,2.4,3,1,2.9,2.5,3.2,1.6,2.8,3.1,1.7,1.6,2.1,1.1,3.6,1.4,2.5,,,,,,,,,,,,,,,,,,,,,,,,,,,,,,,,,,,,,,,,,,,,,,,,,,,,,,,,,,,,,,,,,,,,,,,,,,,,,,,,,,,,,,,,,,,,,,,,,,,,,,,,,,,,,,,,,,,,,,
2016-11,2.1,3.3,1.3,1.8,2.8,1.4,1.2,2.4,2.6,1.6,2,2.9,1,1.7,2,2.5,1.8,1.9,2.4,3.4,2.3,2.4,1.8,2.2,1.4,4.8,2.3,1.6,1.4,1.6,1.6,2.2,2.3,2.2,2.6,1.3,2.3,2.9,1,2.8,2.3,3,1.7,2.7,3.1,1.8,1.4,2,1,3.4,1.4,2.3,,,,,,,,,,,,,,,,,,,,,,,,,,,,,,,,,,,,,,,,,,,,,,,,,,,,,,,,,,,,,,,,,,,,,,,,,,,,,,,,,,,,,,,,,,,,,,,,,,,,,,,,,,,,,,,,,,,,,,
2016-12,2.2,3.5,1.4,1.9,2.9,1.4,1.3,2.5,2.6,1.3,2.1,2.9,1.1,1.8,2.1,2.7,1.9,2,2.6,3.9,2.4,2.5,1.9,2.2,1.5,4.8,2.3,1.7,1.4,1.6,1.9,2.2,2.3,2.4,2.6,1.3,2.5,3.1,1.2,3,2.3,3,1.8,2.8,3.2,1.7,1.6,2,1,3.7,1.4,2.5,,,,,,,,,,,,,,,,,,,,,,,,,,,,,,,,,,,,,,,,,,,,,,,,,,,,,,,,,,,,,,,,,,,,,,,,,,,,,,,,,,,,,,,,,,,,,,,,,,,,,,,,,,,,,,,,,,,,,,
2017-01,2.4,3.8,1.6,2,3,1.5,1.4,2.6,2.7,1.7,2.3,3.1,1.2,2,2.2,2.7,1.9,2.1,2.9,4.1,2.5,2.7,2.1,2.5,1.6,5,2.5,1.7,1.5,1.7,2.2,2.4,2.5,2.5,2.9,1.6,2.6,3.2,1.2,3.2,2.6,3.2,1.9,3,3.3,1.8,1.8,2.1,1.1,3.8,1.5,2.6,,,,,,,,,,,,,,,,,,,,,,,,,,,,,,,,,,,,,,,,,,,,,,,,,,,,,,,,,,,,,,,,,,,,,,,,,,,,,,,,,,,,,,,,,,,,,,,,,,,,,,,,,,,,,,,,,,,,,,
2017-02,2.1,3.3,1.7,1.8,2.8,1.3,1.3,2.3,2.3,1.5,2.1,2.8,1.2,1.8,1.9,2.4,1.7,1.8,2.5,3.6,2,2.4,1.7,2.1,1.4,4.6,2.3,1.4,1.4,1.4,1.6,2.2,2.3,2.2,2.6,1.2,2.4,2.9,1.1,2.8,2.1,3.1,1.6,2.8,3,1.6,1.4,1.9,1.1,3.6,1.4,2.4,,,,,,,,,,,,,,,,,,,,,,,,,,,,,,,,,,,,,,,,,,,,,,,,,,,,,,,,,,,,,,,,,,,,,,,,,,,,,,,,,,,,,,,,,,,,,,,,,,,,,,,,,,,,,,,,,,,,,,
2017-03,2,3,1.7,1.6,2.6,1.3,1.2,2.3,2.2,1.5,1.9,2.6,1.1,1.7,1.8,2.1,1.6,1.6,2.1,3.3,1.9,2.3,1.7,1.8,1.3,4,2,1.5,1.3,1.4,1.6,2.1,2.1,2.1,2.4,1.1,2,2.7,1,2.5,2,2.7,1.4,2.5,2.7,1.4,1.4,1.8,0.9,3.3,1.3,1.9,,,,,,,,,,,,,,,,,,,,,,,,,,,,,,,,,,,,,,,,,,,,,,,,,,,,,,,,,,,,,,,,,,,,,,,,,,,,,,,,,,,,,,,,,,,,,,,,,,,,,,,,,,,,,,,,,,,,,,
2017-04,1.9,3,1.7,1.6,2.4,1.2,1.1,2.2,2.1,1.5,1.8,2.4,1.2,1.7,1.7,2.2,1.4,1.6,2.1,3.1,1.9,2.2,1.6,1.8,1.2,3.9,2.1,1.4,1.2,1.3,1.4,2,2,1.9,2.4,1.2,2,2.7,0.9,2.5,1.8,2.6,1.3,2.3,2.6,1.4,1.2,1.7,0.9,3.2,1.3,1.8,,,,,,,,,,,,,,,,,,,,,,,,,,,,,,,,,,,,,,,,,,,,,,,,,,,,,,,,,,,,,,,,,,,,,,,,,,,,,,,,,,,,,,,,,,,,,,,,,,,,,,,,,,,,,,,,,,,,,,
2017-05,2,2.9,1.8,1.6,2.6,1.2,1.2,2.2,2.1,1.4,1.9,2.5,1.2,1.7,1.9,2.3,1.6,1.9,2.2,3.4,2.2,2.3,1.7,1.9,1.3,4.1,2.2,1.5,1.3,1.4,1.8,2,2.1,2.1,2.5,1,2.1,2.8,1,2.7,2,2.7,1.2,2.5,2.8,1.5,1.4,1.8,1,3.6,1.3,2,,,,,,,,,,,,,,,,,,,,,,,,,,,,,,,,,,,,,,,,,,,,,,,,,,,,,,,,,,,,,,,,,,,,,,,,,,,,,,,,,,,,,,,,,,,,,,,,,,,,,,,,,,,,,,,,,,,,,,
2017-06,1.9,2.9,1.4,1.6,2.6,1.2,1.2,2,2.1,1.6,1.9,2.5,1,1.7,1.8,2.2,1.4,1.7,2.3,3.4,1.9,2.3,1.6,2,1.3,4.1,2.1,1.3,1.2,1.2,1.6,2,2,2,2.5,1.2,2.1,2.8,0.9,2.7,2.2,2.8,1.3,2.4,2.7,1.5,1.4,1.8,1,3.4,1.4,2,,,,,,,,,,,,,,,,,,,,,,,,,,,,,,,,,,,,,,,,,,,,,,,,,,,,,,,,,,,,,,,,,,,,,,,,,,,,,,,,,,,,,,,,,,,,,,,,,,,,,,,,,,,,,,,,,,,,,,
2017-07,2.1,3.2,1.7,1.7,2.6,1.3,1.3,2.4,2.6,1.7,2.1,2.5,1.1,1.6,2,2.5,1.7,1.9,2.3,3.6,2.2,2.4,1.7,2.1,1.4,4.4,2.2,1.4,1.4,1.4,1.7,2.2,2.2,2.2,2.7,1.3,2.3,2.8,1,2.9,2.2,2.9,1.5,2.5,3,1.7,1.8,1.9,1,3.9,1.4,2.2,,,,,,,,,,,,,,,,,,,,,,,,,,,,,,,,,,,,,,,,,,,,,,,,,,,,,,,,,,,,,,,,,,,,,,,,,,,,,,,,,,,,,,,,,,,,,,,,,,,,,,,,,,,,,,,,,,,,,,
2017-08,2.2,3.4,1.7,1.9,2.7,1.4,1.3,2.5,2.7,1.8,2.2,2.8,1.1,1.9,2.1,2.4,1.9,2,2.5,3.8,2.2,2.6,1.9,2.3,1.4,4.8,2.3,1.5,1.4,1.5,1.9,2.4,2.4,2.3,2.7,1.2,2.4,2.9,1,2.9,2.4,3.1,1.6,2.6,2.9,1.7,1.6,2,1.1,3.8,1.5,2.3,,,,,,,,,,,,,,,,,,,,,,,,,,,,,,,,,,,,,,,,,,,,,,,,,,,,,,,,,,,,,,,,,,,,,,,,,,,,,,,,,,,,,,,,,,,,,,,,,,,,,,,,,,,,,,,,,,,,,,
2017-09,2,3.2,1.7,1.8,2.6,1.3,1.1,2.3,2.4,1.6,2,2.4,1,1.8,2,2.4,1.6,1.9,2.3,3.3,2.1,2.5,1.7,2.1,1.4,4.7,2.3,1.7,1.3,1.4,1.6,2.3,2.1,2.1,2.6,1.2,2.3,2.9,0.9,2.7,2,2.9,1.4,2.5,2.4,1.6,1.2,2,1,3.3,1.4,2.2,,,,,,,,,,,,,,,,,,,,,,,,,,,,,,,,,,,,,,,,,,,,,,,,,,,,,,,,,,,,,,,,,,,,,,,,,,,,,,,,,,,,,,,,,,,,,,,,,,,,,,,,,,,,,,,,,,,,,,
2017-10,2,3.2,1.5,1.8,2.9,1.3,1.2,2.4,2.4,1.5,1.4,2.3,1,1.7,2,2.6,1.9,2.1,2.5,3.4,2.1,2.5,1.7,2.2,1.4,4.6,2.4,1.6,1.5,1.4,1.8,2.3,2.2,2.1,2.6,1,2.3,3,1,2.7,2.1,3,1.7,2.8,2.3,1.6,1.5,2,1,3.6,1.4,2.2,,,,,,,,,,,,,,,,,,,,,,,,,,,,,,,,,,,,,,,,,,,,,,,,,,,,,,,,,,,,,,,,,,,,,,,,,,,,,,,,,,,,,,,,,,,,,,,,,,,,,,,,,,,,,,,,,,,,,,
2017-11,2,3.3,1.4,1.8,3,1.3,1.2,2.2,2.5,1.8,1,2.3,1.2,1.9,2,2.4,1.7,1.9,2.4,3.2,2.1,2.5,1.7,2.1,1.4,4.6,2.4,1.5,1.4,1.4,1.6,2.3,2.2,2.1,2.6,0.9,2.2,2.9,0.9,2.8,2.3,2.8,1.6,2.8,2.1,1.6,1.4,2,1,3.3,1.5,2.2,,,,,,,,,,,,,,,,,,,,,,,,,,,,,,,,,,,,,,,,,,,,,,,,,,,,,,,,,,,,,,,,,,,,,,,,,,,,,,,,,,,,,,,,,,,,,,,,,,,,,,,,,,,,,,,,,,,,,,
2017-12,2.1,3.4,1.6,1.9,3.2,1.3,1.3,2.5,2.5,1.9,1.1,2.4,1.1,1.8,2,2.5,1.9,2,2.7,3.5,2.3,2.5,1.9,2.2,1.5,4.7,2.4,1.5,1.5,1.5,2,2.4,2.4,2.2,2.7,0.9,2.4,3,1,2.9,2.5,2.9,1.7,2.9,2.4,1.6,1.8,2.1,1,4,1.5,2.6,,,,,,,,,,,,,,,,,,,,,,,,,,,,,,,,,,,,,,,,,,,,,,,,,,,,,,,,,,,,,,,,,,,,,,,,,,,,,,,,,,,,,,,,,,,,,,,,,,,,,,,,,,,,,,,,,,,,,,
2018-01,2.3,3.7,2.1,2,3.5,1.4,1.4,2.7,2.7,1.7,1.4,2.9,1.1,1.9,2.2,2.8,2,2.2,2.7,4.1,2.7,2.8,2.1,2.5,1.7,5.2,2.7,1.6,1.6,1.6,2.2,2.6,2.6,2.4,2.9,1.4,2.6,3.2,1.1,3.3,2.8,3.2,1.8,3.1,2.7,1.7,1.9,2.2,1.1,4.4,1.6,2.3,,,,,,,,,,,,,,,,,,,,,,,,,,,,,,,,,,,,,,,,,,,,,,,,,,,,,,,,,,,,,,,,,,,,,,,,,,,,,,,,,,,,,,,,,,,,,,,,,,,,,,,,,,,,,,,,,,,,,,
2018-02,2,3.3,1.8,1.9,2.9,1.2,1.2,2.3,2.2,1.4,1.4,2.6,1,1.5,2,2.4,1.7,1.9,2.3,3.6,2.1,2.5,1.7,2.1,1.5,4.6,2.4,1.6,1.5,1.5,1.8,2.2,2.1,2.1,2.5,1.5,2.2,2.8,1,2.8,2.4,3,1.2,2.7,2.4,1.5,1.4,2,1,3.5,1.4,2.3,,,,,,,,,,,,,,,,,,,,,,,,,,,,,,,,,,,,,,,,,,,,,,,,,,,,,,,,,,,,,,,,,,,,,,,,,,,,,,,,,,,,,,,,,,,,,,,,,,,,,,,,,,,,,,,,,,,,,,
2018-03,1.8,2.9,1.8,1.7,2.6,1.1,1.1,2.1,2.2,1.4,1.4,2.5,0.9,1.7,1.8,2.1,1.6,1.8,2,3.5,1.9,2.2,1.6,1.8,1.3,3.8,2.1,1.2,1.4,1.3,1.7,2.1,2.1,2,2.4,1,2,2.4,0.9,2.5,2.2,2.7,1.2,2.5,2.4,1.4,1.4,1.8,0.9,3.2,1.3,2.1,,,,,,,,,,,,,,,,,,,,,,,,,,,,,,,,,,,,,,,,,,,,,,,,,,,,,,,,,,,,,,,,,,,,,,,,,,,,,,,,,,,,,,,,,,,,,,,,,,,,,,,,,,,,,,,,,,,,,,
2018-04,1.8,2.7,1.7,1.6,2.4,1.1,1,2.1,2,1.1,1.4,2.2,0.8,1.3,1.7,2,1.2,1.6,2,3.2,1.9,2.1,1.5,1.8,1.3,3.8,1.9,1.3,1.1,1.2,1.4,2,2,1.9,2.1,1,1.9,2.4,0.8,2.4,1.8,2.5,1,2.3,2.3,1.4,1.3,1.7,0.9,3.1,1.2,1.9,,,,,,,,,,,,,,,,,,,,,,,,,,,,,,,,,,,,,,,,,,,,,,,,,,,,,,,,,,,,,,,,,,,,,,,,,,,,,,,,,,,,,,,,,,,,,,,,,,,,,,,,,,,,,,,,,,,,,,
2018-05,1.8,2.8,1.7,1.6,2.6,1.2,1.1,2.2,2.2,1.4,1.6,2.4,0.8,1.6,1.7,2,1.4,1.7,2.1,3.4,2.1,2.2,1.6,1.8,1.3,3.9,2,1.2,1.2,1.2,1.6,2,2.1,1.9,2.3,0.8,2,2.4,0.9,2.5,2.1,2.6,1.2,2.4,2.4,1.3,1.5,1.7,1,3.4,1.2,2,,,,,,,,,,,,,,,,,,,,,,,,,,,,,,,,,,,,,,,,,,,,,,,,,,,,,,,,,,,,,,,,,,,,,,,,,,,,,,,,,,,,,,,,,,,,,,,,,,,,,,,,,,,,,,,,,,,,,,
2018-06,1.8,2.9,1.6,1.5,2.4,1.1,1.1,2,2.2,1.4,1.5,2.4,0.9,1.3,1.8,2.1,1.5,1.8,2,3.4,1.9,2.4,1.4,1.8,1.3,4.1,2.1,1.2,1.4,1.3,1.5,2,1.9,1.9,2.3,0.9,2,2.5,0.9,2.5,2,2.6,1.2,2.5,2.4,1.4,1.2,1.8,1,3.2,1.2,1.8,,,,,,,,,,,,,,,,,,,,,,,,,,,,,,,,,,,,,,,,,,,,,,,,,,,,,,,,,,,,,,,,,,,,,,,,,,,,,,,,,,,,,,,,,,,,,,,,,,,,,,,,,,,,,,,,,,,,,,
2018-07,2,3,1.5,1.7,2.6,1.2,1.1,2.2,2.3,1.5,1.7,2.6,0.8,1.6,1.9,2.2,1.8,2,2.2,3.8,2.2,2.3,1.6,1.9,1.4,4.4,2.2,1.4,1.5,1.3,1.6,2,2.4,2,2.5,1.4,2.1,2.6,1,2.6,2.1,2.7,1.4,2.6,2.6,1.5,1.5,1.9,1.1,3.5,1.3,2.1,,,,,,,,,,,,,,,,,,,,,,,,,,,,,,,,,,,,,,,,,,,,,,,,,,,,,,,,,,,,,,,,,,,,,,,,,,,,,,,,,,,,,,,,,,,,,,,,,,,,,,,,,,,,,,,,,,,,,,
2018-08,2.1,3.1,1.7,1.9,2.6,1.3,1.2,2.4,2.5,1.7,1.9,2.7,0.9,1.7,2.1,2.5,1.8,2,2.2,3.7,2.1,2.4,1.7,2.1,1.5,4.6,2.4,1.5,1.4,1.4,1.7,2.1,2.4,2.2,2.5,1,2.2,2.6,1,2.9,2.1,2.8,1.4,2.6,2.8,1.5,1.6,2,1.1,3.2,1.4,2.2,,,,,,,,,,,,,,,,,,,,,,,,,,,,,,,,,,,,,,,,,,,,,,,,,,,,,,,,,,,,,,,,,,,,,,,,,,,,,,,,,,,,,,,,,,,,,,,,,,,,,,,,,,,,,,,,,,,,,,
2018-09,2,3.1,1.6,1.7,2.7,1.2,1.1,2.1,2.3,1.8,1.9,2.6,1,1.2,2,2.4,1.7,2.1,2.3,3.5,2,2.4,1.5,1.9,1.4,4.5,2.4,1.4,1.3,1.4,1.6,2.1,2.1,2.1,2.4,1,2.1,2.7,1,2.7,2,2.7,1.3,2.5,2.6,1.5,1.3,1.9,1.1,2.8,1.3,2.2,,,,,,,,,,,,,,,,,,,,,,,,,,,,,,,,,,,,,,,,,,,,,,,,,,,,,,,,,,,,,,,,,,,,,,,,,,,,,,,,,,,,,,,,,,,,,,,,,,,,,,,,,,,,,,,,,,,,,,
2018-10,2,3.2,1.3,1.8,2.9,1.2,1.1,2.3,2.3,1.5,1.9,2.7,1,1.7,2,2.5,1.9,2.2,2.3,3.7,2.1,2.4,1.7,2,1.4,4.5,2.3,1.3,1.4,1.4,1.6,2.2,2.3,2.1,2.2,1.1,2.1,2.8,0.9,2.6,2.1,2.7,1.4,2.5,2.8,1.6,1.3,1.9,1,3.1,1.4,1.8,,,,,,,,,,,,,,,,,,,,,,,,,,,,,,,,,,,,,,,,,,,,,,,,,,,,,,,,,,,,,,,,,,,,,,,,,,,,,,,,,,,,,,,,,,,,,,,,,,,,,,,,,,,,,,,,,,,,,,
2018-11,1.9,3.1,1.3,1.8,2.7,1.2,1.1,2.1,2.4,1.8,1.8,2.5,1.1,1.3,1.9,2.2,1.6,2.1,2.2,3.7,1.9,2.3,1.5,1.9,1.3,4.2,2.4,1.5,1.4,1.4,1.5,2.1,2.2,1.9,1.9,0.9,2.1,2.6,0.9,2.6,2.1,2.5,1.1,2.6,2.7,1.5,1.2,1.8,1,2.9,1.3,1.8,,,,,,,,,,,,,,,,,,,,,,,,,,,,,,,,,,,,,,,,,,,,,,,,,,,,,,,,,,,,,,,,,,,,,,,,,,,,,,,,,,,,,,,,,,,,,,,,,,,,,,,,,,,,,,,,,,,,,,
2018-12,2.1,3.1,1.6,1.8,3,1.2,1.2,2.5,2.8,1.6,2,2.7,0.9,1.8,2,2.5,1.9,2.1,2.5,4,2.3,2.4,1.9,2,1.4,4.6,2.4,1.6,1.6,1.6,1.7,2.3,2.4,2.2,2.1,1.2,2.3,2.6,1,2.7,2.3,2.7,1.4,2.7,2.9,1.6,1.7,2,1.1,3.6,1.3,2,,,,,,,,,,,,,,,,,,,,,,,,,,,,,,,,,,,,,,,,,,,,,,,,,,,,,,,,,,,,,,,,,,,,,,,,,,,,,,,,,,,,,,,,,,,,,,,,,,,,,,,,,,,,,,,,,,,,,,
2019-01,2.2,3.3,1.8,1.9,3,1.3,1.3,2.6,2.7,1.8,2.2,2.9,1.2,1.8,2.2,2.7,2,2.1,2.6,4.3,2.6,2.6,2,2.3,1.5,5.3,2.6,1.6,1.7,1.6,1.8,2.4,2.5,2.3,2.5,1.4,2.5,2.9,1,3,2.6,3,1.3,2.9,3.1,1.5,1.6,2.1,1.1,3.6,1.4,1.8,,,,,,,,,,,,,,,,,,,,,,,,,,,,,,,,,,,,,,,,,,,,,,,,,,,,,,,,,,,,,,,,,,,,,,,,,,,,,,,,,,,,,,,,,,,,,,,,,,,,,,,,,,,,,,,,,,,,,,
2019-02,1.9,3,1.5,1.7,2.4,1.1,1.1,2.2,2.3,1.3,1.9,2.5,1,1.2,1.9,2.4,1.7,1.8,2.2,3.5,2.3,2.2,1.5,1.9,1.4,4.2,2.1,1.4,1.5,1.3,1.7,2.1,2.1,2,2.2,1.2,2.1,2.4,1,2.5,2.3,2.6,1.1,2.5,2.7,1.6,1.2,1.8,0.9,3.1,1.3,1.6,,,,,,,,,,,,,,,,,,,,,,,,,,,,,,,,,,,,,,,,,,,,,,,,,,,,,,,,,,,,,,,,,,,,,,,,,,,,,,,,,,,,,,,,,,,,,,,,,,,,,,,,,,,,,,,,,,,,,,
2019-03,1.8,2.7,1.4,1.6,2.3,1.1,1.1,2.1,1.9,1.4,1.7,2.3,0.9,1.1,1.7,2,1.5,1.8,1.9,3.3,2.1,2.1,1.6,1.7,1.3,3.6,2,1.3,1.3,1.3,1.4,2,1.8,1.8,2,1,1.9,2.2,0.8,2.3,2.1,2.4,1,2.2,2.4,1.4,1.3,1.7,0.9,3,1.2,1.6,,,,,,,,,,,,,,,,,,,,,,,,,,,,,,,,,,,,,,,,,,,,,,,,,,,,,,,,,,,,,,,,,,,,,,,,,,,,,,,,,,,,,,,,,,,,,,,,,,,,,,,,,,,,,,,,,,,,,,
2019-04,1.6,2.4,1.2,1.4,2.1,1,0.9,1.8,1.8,1.4,1.5,2.1,0.8,0.9,1.6,1.9,1.2,1.5,1.9,3,1.8,1.9,1.3,1.6,1.2,3.4,1.9,1.1,0.9,1.1,1.4,1.7,1.6,1.7,1.8,0.9,1.7,2.3,0.7,2.1,1.7,2.1,0.9,2.1,2.2,1.3,1,1.5,0.8,2.5,1.1,1.6,,,,,,,,,,,,,,,,,,,,,,,,,,,,,,,,,,,,,,,,,,,,,,,,,,,,,,,,,,,,,,,,,,,,,,,,,,,,,,,,,,,,,,,,,,,,,,,,,,,,,,,,,,,,,,,,,,,,,,
2019-05,1.8,2.6,1.5,1.5,2.4,1.1,1.1,2.1,1.8,1.3,1.8,2.4,0.8,1.6,1.7,2,1.5,1.6,2,3.4,2,2,1.6,1.8,1.3,3.7,2,1.3,1.1,1.3,1.5,1.9,1.9,1.8,2.1,1.3,1.8,2.3,0.8,2.2,1.8,2.4,1.3,2.2,2.4,1.4,1.5,1.7,0.9,3.2,1.1,1.7,,,,,,,,,,,,,,,,,,,,,,,,,,,,,,,,,,,,,,,,,,,,,,,,,,,,,,,,,,,,,,,,,,,,,,,,,,,,,,,,,,,,,,,,,,,,,,,,,,,,,,,,,,,,,,,,,,,,,,
2019-06,1.7,2.6,1.5,1.5,2.4,1,1.1,1.9,2,1.4,1.6,2.3,0.8,1.6,1.6,2.1,1.3,1.7,1.9,3.1,1.8,2,1.3,1.7,1.2,3.7,2,1.5,1,1.3,1.5,1.8,2,1.6,2,1,1.8,2.1,0.8,2.2,1.5,2.4,1.5,2.2,2.4,1.3,1,1.6,0.9,2.9,1.1,1.3,,,,,,,,,,,,,,,,,,,,,,,,,,,,,,,,,,,,,,,,,,,,,,,,,,,,,,,,,,,,,,,,,,,,,,,,,,,,,,,,,,,,,,,,,,,,,,,,,,,,,,,,,,,,,,,,,,,,,,
2019-07,2,2.9,1.7,1.6,2.4,1.2,1.1,2.3,2.4,1.5,1.9,2.6,1.1,1.7,2,2.3,1.9,1.8,2.2,3.6,2.2,2.2,1.7,2.1,1.4,4,2,1.4,1.5,1.4,1.6,2.2,2.1,2,2.2,1.2,2,2.1,0.9,2.5,1.8,2.8,1.3,2.4,2.8,1.4,1.6,1.9,1,3.1,1.3,1.9,,,,,,,,,,,,,,,,,,,,,,,,,,,,,,,,,,,,,,,,,,,,,,,,,,,,,,,,,,,,,,,,,,,,,,,,,,,,,,,,,,,,,,,,,,,,,,,,,,,,,,,,,,,,,,,,,,,,,,
2019-08,2,3.1,1.7,1.8,2.4,1.2,1.2,2.4,2.4,1.6,2.1,2.7,1,1.3,2,2.4,1.9,1.9,2.4,3.8,2,2.4,1.7,2.1,1.5,4.5,2,1.4,1.6,1.4,1.8,2.3,2,2.1,2.4,1,2.1,2.1,1,2.7,2,2.9,1.2,2.6,2.8,1.5,1.5,1.9,1,3.3,1.3,2,,,,,,,,,,,,,,,,,,,,,,,,,,,,,,,,,,,,,,,,,,,,,,,,,,,,,,,,,,,,,,,,,,,,,,,,,,,,,,,,,,,,,,,,,,,,,,,,,,,,,,,,,,,,,,,,,,,,,,
2019-09,1.9,2.9,1.6,1.6,2.3,1.2,1.1,2.2,2,1.6,2,2.5,1,1.2,1.9,2.3,1.5,1.7,2.2,3.7,2,2.2,1.5,1.9,1.3,4.2,1.7,1.4,1.4,1.4,1.5,2,2,1.9,2.3,1.1,1.9,2.2,0.9,2.5,1.8,2.6,1.1,2.4,2.6,1.5,1.5,1.8,1,2.9,1.2,1.8,,,,,,,,,,,,,,,,,,,,,,,,,,,,,,,,,,,,,,,,,,,,,,,,,,,,,,,,,,,,,,,,,,,,,,,,,,,,,,,,,,,,,,,,,,,,,,,,,,,,,,,,,,,,,,,,,,,,,,
2019-10,2.1,3.2,1.6,1.8,2.8,1.3,1.2,2.4,2.2,1.6,2.1,2.7,1.1,1.8,2,2.6,1.9,2,2.4,3.9,2.2,2.4,1.7,2.1,1.4,4.4,2.1,1.5,1.6,1.5,1.7,2.2,2.5,2.2,2.5,1.2,2.2,2.7,1,2.7,2.1,3,1.4,2.7,2.8,1.6,1.7,1.9,1,3.3,1.3,1.7,,,,,,,,,,,,,,,,,,,,,,,,,,,,,,,,,,,,,,,,,,,,,,,,,,,,,,,,,,,,,,,,,,,,,,,,,,,,,,,,,,,,,,,,,,,,,,,,,,,,,,,,,,,,,,,,,,,,,,
2019-11,1.9,3,1.4,1.7,2.7,1.2,1.2,2.1,2.2,1.3,1.9,2.6,0.9,1.3,1.9,2.4,1.6,1.7,2.2,3.6,2,2.3,1.4,2,1.3,4.3,2.1,1.4,1.4,1.5,1.5,2.1,2.1,2,2.3,1.2,2.1,2.5,0.9,2.5,2.1,2.7,1.1,2.4,2.6,1.4,1.3,1.8,0.9,3,1.2,1.7,,,,,,,,,,,,,,,,,,,,,,,,,,,,,,,,,,,,,,,,,,,,,,,,,,,,,,,,,,,,,,,,,,,,,,,,,,,,,,,,,,,,,,,,,,,,,,,,,,,,,,,,,,,,,,,,,,,,,,
2019-12,2.2,3.3,1.4,1.9,2.9,1.4,1.4,2.5,2.6,1.4,2.2,3,1.1,1.9,2.2,2.6,1.8,2,2.5,4,2.2,2.6,1.8,2.3,1.5,4.7,2.3,1.5,1.6,1.6,2,2.3,2.6,2.3,2.6,1.2,2.3,2.8,0.9,2.8,2.3,3,1.5,2.7,2.9,1.6,1.5,1.9,1.1,3.5,1.4,1.6,,,,,,,,,,,,,,,,,,,,,,,,,,,,,,,,,,,,,,,,,,,,,,,,,,,,,,,,,,,,,,,,,,,,,,,,,,,,,,,,,,,,,,,,,,,,,,,,,,,,,,,,,,,,,,,,,,,,,,
2020-01,2.2,3.3,1.5,1.8,3.2,1.4,1.4,2.5,2.9,1.5,2.2,3,1.1,1.9,2.2,2.7,1.9,2.1,2.5,4.1,2.5,2.5,1.8,2.3,1.5,4.8,2.3,1.7,1.6,1.6,1.9,2.4,2.6,2.2,2.6,1.2,2.3,2.8,1,2.9,2.3,3.2,1.4,2.6,3,1.6,1.7,2,1.1,3.6,1.4,2,,,,,,,,,,,,,,,,,,,,,,,,,,,,,,,,,,,,,,,,,,,,,,,,,,,,,,,,,,,,,,,,,,,,,,,,,,,,,,,,,,,,,,,,,,,,,,,,,,,,,,,,,,,,,,,,,,,,,,
2020-02,1.8,2.7,1.6,1.5,2.7,1.1,1.1,1.9,2.2,1.3,1.8,2.4,0.7,1.2,1.8,2.2,1.4,1.6,2,3.4,1.8,2.1,1.4,1.8,1.3,4,2,1.3,1.3,1.2,1.5,2,2,1.8,2.2,1.3,1.9,2.3,0.9,2.4,1.8,2.5,0.8,2.3,2.5,1.4,1.2,1.6,0.8,3,1.1,1.7,,,,,,,,,,,,,,,,,,,,,,,,,,,,,,,,,,,,,,,,,,,,,,,,,,,,,,,,,,,,,,,,,,,,,,,,,,,,,,,,,,,,,,,,,,,,,,,,,,,,,,,,,,,,,,,,,,,,,,
2020-03,1.7,2.6,1.6,1.5,2.3,1.1,1,2,2.1,1.2,1.7,2.2,0.9,0.8,1.8,2.1,1.5,1.6,1.8,3.3,1.8,2,1.6,1.8,1.2,3.6,1.9,1.1,1.3,1.2,1.7,1.9,1.9,1.8,2.1,1.2,1.8,2.2,0.8,2.3,1.8,2.4,1,2.1,2.4,1.4,1.4,1.6,0.8,2.7,1.2,1.7,,,,,,,,,,,,,,,,,,,,,,,,,,,,,,,,,,,,,,,,,,,,,,,,,,,,,,,,,,,,,,,,,,,,,,,,,,,,,,,,,,,,,,,,,,,,,,,,,,,,,,,,,,,,,,,,,,,,,,
2020-04,1.2,1.8,1,1.1,1.7,0.8,0.8,1.4,1.4,1,1.2,1.5,0.6,0.7,1.3,1.4,1,1.2,1.3,2.3,1.4,1.5,1,1.2,0.8,2.6,1.4,0.7,0.8,0.8,1.3,1.3,1.3,1.3,1.6,0.7,1.3,1.6,0.5,1.6,1.2,1.7,0.6,1.4,1.6,0.9,0.8,1.1,0.5,1.8,0.9,1.2,,,,,,,,,,,,,,,,,,,,,,,,,,,,,,,,,,,,,,,,,,,,,,,,,,,,,,,,,,,,,,,,,,,,,,,,,,,,,,,,,,,,,,,,,,,,,,,,,,,,,,,,,,,,,,,,,,,,,,
2020-05,1,1.5,1.1,0.8,1.4,0.7,0.7,1.3,1.3,0.9,1,1.2,0.6,0.6,1.1,1.2,0.8,1,1.2,1.9,1,1.2,1,1,0.7,2.1,1.1,0.7,0.7,0.7,1,1.1,1.2,1.1,1.4,0.5,1.1,1.5,0.5,1.3,1.1,1.3,0.6,1.2,1.2,0.8,0.8,0.9,0.5,1.8,0.8,1.2,,,,,,,,,,,,,,,,,,,,,,,,,,,,,,,,,,,,,,,,,,,,,,,,,,,,,,,,,,,,,,,,,,,,,,,,,,,,,,,,,,,,,,,,,,,,,,,,,,,,,,,,,,,,,,,,,,,,,,
2020-06,0.8,1.3,0.8,0.7,1.2,0.5,0.6,0.9,1.1,0.6,0.8,1,0.6,0.6,0.9,1,0.7,0.8,0.9,1.3,1,1,0.7,0.8,0.5,1.8,1,0.5,0.6,0.6,0.9,0.9,1,0.8,1.1,0.5,0.8,1.1,0.4,1.1,0.8,1.2,0.5,1,1.1,0.7,0.6,0.7,0.4,1.3,0.6,1,,,,,,,,,,,,,,,,,,,,,,,,,,,,,,,,,,,,,,,,,,,,,,,,,,,,,,,,,,,,,,,,,,,,,,,,,,,,,,,,,,,,,,,,,,,,,,,,,,,,,,,,,,,,,,,,,,,,,,
2020-07,0.9,1.4,0.9,0.7,1.3,0.6,0.6,1.1,1,0.7,0.9,1.1,0.5,0.8,1,1.2,0.9,1,1,1.7,1,1,0.8,0.9,0.5,2,1.1,0.7,0.8,0.6,0.9,0.9,1.1,0.9,1.1,0.6,1,1.3,0.5,1.2,1,1.2,0.7,1.1,1.2,0.7,0.9,0.8,0.5,1.5,0.7,1.2,,,,,,,,,,,,,,,,,,,,,,,,,,,,,,,,,,,,,,,,,,,,,,,,,,,,,,,,,,,,,,,,,,,,,,,,,,,,,,,,,,,,,,,,,,,,,,,,,,,,,,,,,,,,,,,,,,,,,,
2020-08,1,1.4,0.9,0.8,1.5,0.6,0.6,1.1,1,0.6,0.9,1.1,0.4,0.8,1,1.3,1,1,1.2,1.7,1.3,1,0.9,0.9,0.7,1.8,1.2,0.7,0.9,0.6,0.9,1,1.2,1,1.2,0.7,1.1,1.4,0.5,1.3,0.9,1.3,0.8,1.2,1.2,0.6,0.9,0.9,0.5,1.8,0.8,1.4,,,,,,,,,,,,,,,,,,,,,,,,,,,,,,,,,,,,,,,,,,,,,,,,,,,,,,,,,,,,,,,,,,,,,,,,,,,,,,,,,,,,,,,,,,,,,,,,,,,,,,,,,,,,,,,,,,,,,,
2020-09,0.9,1.3,0.7,0.7,1.4,0.5,0.6,0.8,1,0.5,0.8,1,0.4,0.6,0.8,1.2,0.8,1,0.9,1.5,0.8,0.9,0.7,0.9,0.6,1.8,1.1,0.6,0.8,0.6,0.7,0.8,1,0.8,1.1,0.6,1,1.2,0.4,1.1,0.8,1.2,0.5,1.1,1.1,0.6,0.6,0.8,0.4,1.6,0.7,1.1,,,,,,,,,,,,,,,,,,,,,,,,,,,,,,,,,,,,,,,,,,,,,,,,,,,,,,,,,,,,,,,,,,,,,,,,,,,,,,,,,,,,,,,,,,,,,,,,,,,,,,,,,,,,,,,,,,,,,,
2020-10,1,1.4,0.8,0.8,1.4,0.5,0.7,1.1,1,0.6,0.9,1.2,0.3,0.7,1,1.3,0.8,1,1.2,1.6,1,1,0.9,1.1,0.7,2.1,1.2,0.7,0.9,0.6,0.9,0.9,1,0.9,1.2,0.6,1.1,1.4,0.4,1.3,1,1.4,0.6,1.2,1.2,0.7,0.8,0.8,0.5,2.1,0.8,1.4,,,,,,,,,,,,,,,,,,,,,,,,,,,,,,,,,,,,,,,,,,,,,,,,,,,,,,,,,,,,,,,,,,,,,,,,,,,,,,,,,,,,,,,,,,,,,,,,,,,,,,,,,,,,,,,,,,,,,,
2020-11,0.8,1.4,0.8,0.8,1.3,0.4,0.6,0.8,0.9,0.5,0.7,1,0.3,0.6,0.9,1.1,0.7,0.9,1.1,1.5,1,0.9,0.6,0.9,0.6,1.8,1,0.6,0.7,0.5,0.8,0.8,1,0.7,1.1,0.5,1,1.3,0.3,1.1,0.9,1.2,0.7,1.1,1.1,0.6,0.6,0.7,0.4,1.7,0.7,1.1,,,,,,,,,,,,,,,,,,,,,,,,,,,,,,,,,,,,,,,,,,,,,,,,,,,,,,,,,,,,,,,,,,,,,,,,,,,,,,,,,,,,,,,,,,,,,,,,,,,,,,,,,,,,,,,,,,,,,,
2020-12,1,1.5,1,0.8,1.6,0.5,0.6,1,1.1,0.7,0.9,1.2,0.5,0.8,1,1.3,1,1,1.3,1.8,1.3,1,0.9,1.1,0.6,2.1,1.2,0.7,0.9,0.6,1,1,1.2,1,1.4,0.7,1.2,1.5,0.4,1.4,1,1.4,0.9,1.3,1.3,0.7,1,0.9,0.5,2.1,0.8,1.2,,,,,,,,,,,,,,,,,,,,,,,,,,,,,,,,,,,,,,,,,,,,,,,,,,,,,,,,,,,,,,,,,,,,,,,,,,,,,,,,,,,,,,,,,,,,,,,,,,,,,,,,,,,,,,,,,,,,,,
2021-01,1,1.6,1,0.8,1.5,0.5,0.6,1,1,0.5,0.9,1.2,0.5,0.6,1,1.3,0.9,0.9,1.2,1.7,1.3,1.1,0.8,1,0.6,1.8,1.1,0.8,0.8,0.6,0.9,0.9,1.1,1,1.3,0.8,1.2,1.3,0.4,1.3,0.8,1.4,0.6,1.2,1.2,0.7,0.8,0.9,0.5,1.8,0.7,1.3,,,,,,,,,,,,,,,,,,,,,,,,,,,,,,,,,,,,,,,,,,,,,,,,,,,,,,,,,,,,,,,,,,,,,,,,,,,,,,,,,,,,,,,,,,,,,,,,,,,,,,,,,,,,,,,,,,,,,,
2021-02,0.7,1.2,0.7,0.6,1.2,0.4,0.5,0.7,0.9,0.4,0.7,0.9,0.3,0.5,0.8,1,0.6,0.8,0.9,1.3,0.9,0.8,0.6,0.7,0.5,1.6,0.9,0.5,0.6,0.5,0.6,0.7,0.9,0.7,0.9,0.6,0.9,1,0.3,1,0.7,1.1,0.7,1,0.9,0.5,0.7,0.6,0.4,1.4,0.5,0.7,,,,,,,,,,,,,,,,,,,,,,,,,,,,,,,,,,,,,,,,,,,,,,,,,,,,,,,,,,,,,,,,,,,,,,,,,,,,,,,,,,,,,,,,,,,,,,,,,,,,,,,,,,,,,,,,,,,,,,
2021-03,0.8,1.3,0.7,0.7,1,0.5,0.5,0.8,0.9,0.7,0.8,0.9,0.4,0.6,0.9,0.9,0.7,0.7,1,1.3,0.9,0.8,0.6,0.8,0.5,1.5,0.9,0.6,0.6,0.5,0.8,0.8,0.8,0.8,1,0.6,0.9,1,0.4,1,0.7,1.1,0.5,1,0.8,0.5,0.8,0.7,0.4,1.6,0.5,0.8,,,,,,,,,,,,,,,,,,,,,,,,,,,,,,,,,,,,,,,,,,,,,,,,,,,,,,,,,,,,,,,,,,,,,,,,,,,,,,,,,,,,,,,,,,,,,,,,,,,,,,,,,,,,,,,,,,,,,,
2021-04,0.6,1.1,0.6,0.5,0.9,0.4,0.4,0.6,0.6,0.4,0.6,0.7,0.3,0.4,0.7,0.7,0.5,0.5,0.7,0.9,0.6,0.6,0.5,0.6,0.4,1.3,0.7,0.4,0.5,0.4,0.5,0.6,0.7,0.6,0.8,0.4,0.7,0.7,0.3,0.8,0.4,0.9,0.4,0.8,0.6,0.4,0.5,0.5,0.3,1.2,0.4,0.7,,,,,,,,,,,,,,,,,,,,,,,,,,,,,,,,,,,,,,,,,,,,,,,,,,,,,,,,,,,,,,,,,,,,,,,,,,,,,,,,,,,,,,,,,,,,,,,,,,,,,,,,,,,,,,,,,,,,,,
2021-05,0.7,1.1,0.7,0.6,0.9,0.4,0.5,0.8,0.7,0.6,0.7,0.9,0.4,0.5,0.7,0.9,0.6,0.7,0.9,1.1,0.7,0.7,0.6,0.8,0.5,1.5,0.8,0.4,0.5,0.4,0.6,0.7,0.7,0.7,0.9,0.7,0.8,0.9,0.3,0.9,0.5,1,0.5,0.8,0.7,0.5,0.7,0.6,0.4,1.3,0.5,0.7,,,,,,,,,,,,,,,,,,,,,,,,,,,,,,,,,,,,,,,,,,,,,,,,,,,,,,,,,,,,,,,,,,,,,,,,,,,,,,,,,,,,,,,,,,,,,,,,,,,,,,,,,,,,,,,,,,,,,,
2021-06,0.7,1,0.7,0.5,1,0.4,0.5,0.7,0.8,0.4,0.6,0.8,0.3,0.4,0.7,0.8,0.6,0.7,0.7,1.2,0.8,0.6,0.5,0.7,0.4,1.5,0.8,0.4,0.5,0.4,0.6,0.7,0.7,0.6,0.9,0.6,0.7,0.9,0.3,0.8,0.5,0.9,0.4,0.8,0.8,0.5,0.5,0.6,0.3,1.1,0.5,0.8,,,,,,,,,,,,,,,,,,,,,,,,,,,,,,,,,,,,,,,,,,,,,,,,,,,,,,,,,,,,,,,,,,,,,,,,,,,,,,,,,,,,,,,,,,,,,,,,,,,,,,,,,,,,,,,,,,,,,,
2021-07,0.8,1.2,0.7,0.6,1.1,0.5,0.6,0.9,0.8,0.6,0.7,1,0.4,0.7,0.8,1.1,0.8,0.8,1,1.3,0.8,0.8,0.7,0.9,0.5,1.8,0.9,0.4,0.7,0.5,0.7,0.8,1,0.8,1.1,0.7,1,1.1,0.4,1,0.7,1.2,0.6,1,1,0.6,0.9,0.7,0.4,1.5,0.7,0.8,,,,,,,,,,,,,,,,,,,,,,,,,,,,,,,,,,,,,,,,,,,,,,,,,,,,,,,,,,,,,,,,,,,,,,,,,,,,,,,,,,,,,,,,,,,,,,,,,,,,,,,,,,,,,,,,,,,,,,
2021-08,0.8,1.3,0.8,0.7,1.3,0.5,0.6,1,0.9,0.5,0.7,1.1,0.5,0.6,0.8,1.1,0.9,0.9,1,1.4,0.9,0.8,0.7,0.9,0.6,1.9,0.9,0.5,0.7,0.5,0.8,0.8,0.9,0.8,1.1,0.6,1,1.1,0.4,1.1,0.5,1.2,0.6,1,1.1,0.6,0.8,0.7,0.4,1.6,0.7,0.9,,,,,,,,,,,,,,,,,,,,,,,,,,,,,,,,,,,,,,,,,,,,,,,,,,,,,,,,,,,,,,,,,,,,,,,,,,,,,,,,,,,,,,,,,,,,,,,,,,,,,,,,,,,,,,,,,,,,,,
2021-09,0.8,1.3,0.8,0.6,1,0.4,0.5,0.8,0.9,0.5,0.7,0.9,0.4,0.7,0.8,1,0.8,0.8,0.9,1.4,0.9,0.8,0.5,0.8,0.5,1.9,0.8,0.6,0.6,0.5,0.7,0.7,1,0.7,0.9,0.6,0.9,1.1,0.3,1,0.6,1.1,0.6,0.9,1,0.6,0.5,0.7,0.4,1.5,0.6,1,,,,,,,,,,,,,,,,,,,,,,,,,,,,,,,,,,,,,,,,,,,,,,,,,,,,,,,,,,,,,,,,,,,,,,,,,,,,,,,,,,,,,,,,,,,,,,,,,,,,,,,,,,,,,,,,,,,,,,
2021-10,0.9,1.5,0.9,0.7,1.3,0.5,0.7,1,1,0.5,0.8,1.1,0.4,0.6,1,1.2,1,0.9,1.2,1.5,1,0.9,0.8,0.9,0.6,2.2,1,0.7,0.8,0.5,0.7,0.7,1.2,0.8,1.2,0.8,1.1,1.3,0.4,1.1,0.8,1.2,0.7,1.1,1.1,0.7,0.8,0.8,0.4,1.9,0.7,1,,,,,,,,,,,,,,,,,,,,,,,,,,,,,,,,,,,,,,,,,,,,,,,,,,,,,,,,,,,,,,,,,,,,,,,,,,,,,,,,,,,,,,,,,,,,,,,,,,,,,,,,,,,,,,,,,,,,,,
2021-11,0.8,1.3,0.7,0.6,1.1,0.4,0.6,0.8,1,0.5,0.8,1.1,0.4,0.7,0.9,1,0.8,0.8,1,1.2,1,0.9,0.6,0.9,0.5,1.8,1,0.7,0.6,0.5,0.6,0.7,1.1,0.7,0.9,0.5,1,1.2,0.3,1,0.9,1.1,0.7,1.1,1.1,0.6,0.6,0.8,0.4,1.8,0.6,1.2,,,,,,,,,,,,,,,,,,,,,,,,,,,,,,,,,,,,,,,,,,,,,,,,,,,,,,,,,,,,,,,,,,,,,,,,,,,,,,,,,,,,,,,,,,,,,,,,,,,,,,,,,,,,,,,,,,,,,,
2021-12,1,1.5,0.8,0.8,1.4,0.6,0.7,1.1,1.3,0.7,0.9,1.3,0.6,0.7,1,1.4,1,0.9,1.2,1.7,1.2,1,0.8,1.1,0.6,2,1.1,0.8,0.8,0.6,0.9,0.9,1.4,0.9,1.2,0.7,1.2,1.4,0.4,1.3,0.9,1.4,0.6,1.2,1.3,0.7,0.8,0.9,0.5,1.9,0.7,1.3,,,,,,,,,,,,,,,,,,,,,,,,,,,,,,,,,,,,,,,,,,,,,,,,,,,,,,,,,,,,,,,,,,,,,,,,,,,,,,,,,,,,,,,,,,,,,,,,,,,,,,,,,,,,,,,,,,,,,,
